X,CH1,CH3,CH4,Start,Increment,
Sequence,Volt,Volt,Volt,5.950200e-05,1.000000e-09
0,2.96e+01,2.80e-01,4.00e-01,
1,2.96e+01,2.80e-01,4.00e-01,
2,2.96e+01,2.72e-01,0.00e+00,
3,2.96e+01,2.72e-01,0.00e+00,
4,2.88e+01,2.72e-01,0.00e+00,
5,2.88e+01,2.72e-01,0.00e+00,
6,2.88e+01,2.72e-01,4.00e-01,
7,2.88e+01,2.72e-01,4.00e-01,
8,2.88e+01,2.72e-01,4.00e-01,
9,2.88e+01,2.72e-01,4.00e-01,
10,2.88e+01,2.80e-01,4.00e-01,
11,2.88e+01,2.80e-01,4.00e-01,
12,2.92e+01,2.80e-01,4.00e-01,
13,2.92e+01,2.80e-01,4.00e-01,
14,2.92e+01,2.80e-01,4.00e-01,
15,2.92e+01,2.80e-01,4.00e-01,
16,2.92e+01,2.80e-01,4.00e-01,
17,2.92e+01,2.80e-01,4.00e-01,
18,2.92e+01,2.80e-01,4.00e-01,
19,2.92e+01,2.80e-01,4.00e-01,
20,2.88e+01,2.80e-01,4.00e-01,
21,2.88e+01,2.80e-01,4.00e-01,
22,2.88e+01,2.72e-01,4.00e-01,
23,2.88e+01,2.72e-01,4.00e-01,
24,2.92e+01,2.80e-01,4.00e-01,
25,2.92e+01,2.80e-01,4.00e-01,
26,2.92e+01,2.80e-01,4.00e-01,
27,2.92e+01,2.80e-01,4.00e-01,
28,2.92e+01,2.80e-01,4.00e-01,
29,2.92e+01,2.80e-01,4.00e-01,
30,2.88e+01,2.72e-01,4.00e-01,
31,2.88e+01,2.72e-01,4.00e-01,
32,2.88e+01,2.72e-01,4.00e-01,
33,2.88e+01,2.72e-01,4.00e-01,
34,2.92e+01,2.72e-01,4.00e-01,
35,2.92e+01,2.72e-01,4.00e-01,
36,2.92e+01,2.88e-01,4.00e-01,
37,2.92e+01,2.88e-01,4.00e-01,
38,2.88e+01,2.88e-01,4.00e-01,
39,2.88e+01,2.88e-01,4.00e-01,
40,2.92e+01,2.88e-01,4.00e-01,
41,2.92e+01,2.88e-01,4.00e-01,
42,2.92e+01,2.88e-01,4.00e-01,
43,2.92e+01,2.88e-01,4.00e-01,
44,2.92e+01,2.88e-01,4.00e-01,
45,2.92e+01,2.88e-01,4.00e-01,
46,2.92e+01,2.88e-01,4.00e-01,
47,2.92e+01,2.88e-01,4.00e-01,
48,2.88e+01,2.88e-01,4.00e-01,
49,2.88e+01,2.88e-01,4.00e-01,
50,2.96e+01,2.88e-01,4.00e-01,
51,2.96e+01,2.88e-01,4.00e-01,
52,2.96e+01,2.88e-01,4.00e-01,
53,2.96e+01,2.88e-01,4.00e-01,
54,2.96e+01,2.88e-01,4.00e-01,
55,2.96e+01,2.88e-01,4.00e-01,
56,2.88e+01,2.88e-01,4.00e-01,
57,2.88e+01,2.88e-01,4.00e-01,
58,2.88e+01,2.96e-01,4.00e-01,
59,2.88e+01,2.96e-01,4.00e-01,
60,2.88e+01,2.88e-01,4.00e-01,
61,2.88e+01,2.88e-01,4.00e-01,
62,2.92e+01,2.88e-01,4.00e-01,
63,2.92e+01,2.88e-01,4.00e-01,
64,2.88e+01,2.88e-01,4.00e-01,
65,2.88e+01,2.88e-01,4.00e-01,
66,2.92e+01,2.88e-01,4.00e-01,
67,2.92e+01,2.88e-01,4.00e-01,
68,2.88e+01,2.88e-01,4.00e-01,
69,2.88e+01,2.88e-01,4.00e-01,
70,2.92e+01,2.88e-01,4.00e-01,
71,2.92e+01,2.88e-01,4.00e-01,
72,2.92e+01,2.88e-01,4.00e-01,
73,2.92e+01,2.88e-01,4.00e-01,
74,2.88e+01,2.96e-01,4.00e-01,
75,2.88e+01,2.96e-01,4.00e-01,
76,2.92e+01,2.96e-01,4.00e-01,
77,2.92e+01,2.96e-01,4.00e-01,
78,2.92e+01,2.96e-01,4.00e-01,
79,2.92e+01,2.96e-01,4.00e-01,
80,2.92e+01,2.96e-01,4.00e-01,
81,2.92e+01,2.96e-01,4.00e-01,
82,2.96e+01,2.96e-01,4.00e-01,
83,2.96e+01,2.96e-01,4.00e-01,
84,2.96e+01,2.88e-01,4.00e-01,
85,2.96e+01,2.88e-01,4.00e-01,
86,2.96e+01,2.88e-01,4.00e-01,
87,2.96e+01,2.88e-01,4.00e-01,
88,2.88e+01,2.88e-01,4.00e-01,
89,2.88e+01,2.88e-01,4.00e-01,
90,2.88e+01,2.88e-01,4.00e-01,
91,2.88e+01,2.88e-01,4.00e-01,
92,2.88e+01,2.88e-01,4.00e-01,
93,2.88e+01,2.88e-01,4.00e-01,
94,2.88e+01,2.88e-01,4.00e-01,
95,2.88e+01,2.88e-01,4.00e-01,
96,2.88e+01,2.88e-01,4.00e-01,
97,2.88e+01,2.88e-01,4.00e-01,
98,2.88e+01,2.88e-01,4.00e-01,
99,2.88e+01,2.88e-01,4.00e-01,
100,2.88e+01,2.88e-01,4.00e-01,
101,2.88e+01,2.88e-01,4.00e-01,
102,2.92e+01,2.96e-01,8.00e-01,
103,2.92e+01,2.96e-01,8.00e-01,
104,2.92e+01,2.96e-01,8.00e-01,
105,2.92e+01,2.96e-01,8.00e-01,
106,2.88e+01,2.88e-01,1.20e+00,
107,2.88e+01,2.88e-01,1.20e+00,
108,2.92e+01,2.88e-01,8.00e-01,
109,2.92e+01,2.88e-01,8.00e-01,
110,2.88e+01,2.88e-01,1.20e+00,
111,2.88e+01,2.88e-01,1.20e+00,
112,2.88e+01,2.88e-01,8.00e-01,
113,2.88e+01,2.88e-01,8.00e-01,
114,2.88e+01,2.96e-01,1.20e+00,
115,2.88e+01,2.96e-01,1.20e+00,
116,2.88e+01,2.96e-01,1.20e+00,
117,2.88e+01,2.96e-01,1.20e+00,
118,2.92e+01,2.88e-01,1.60e+00,
119,2.92e+01,2.88e-01,1.60e+00,
120,2.92e+01,2.88e-01,1.60e+00,
121,2.92e+01,2.88e-01,1.60e+00,
122,2.88e+01,2.96e-01,1.60e+00,
123,2.88e+01,2.96e-01,1.60e+00,
124,2.92e+01,2.88e-01,1.60e+00,
125,2.92e+01,2.88e-01,1.60e+00,
126,2.88e+01,2.88e-01,2.40e+00,
127,2.88e+01,2.88e-01,2.40e+00,
128,2.92e+01,2.96e-01,2.40e+00,
129,2.92e+01,2.96e-01,2.40e+00,
130,2.92e+01,2.88e-01,2.80e+00,
131,2.92e+01,2.88e-01,2.80e+00,
132,2.92e+01,2.88e-01,2.40e+00,
133,2.92e+01,2.88e-01,2.40e+00,
134,2.92e+01,2.88e-01,2.00e+00,
135,2.92e+01,2.88e-01,2.00e+00,
136,2.92e+01,2.88e-01,2.40e+00,
137,2.92e+01,2.88e-01,2.40e+00,
138,2.88e+01,2.88e-01,2.80e+00,
139,2.88e+01,2.88e-01,2.80e+00,
140,2.92e+01,2.88e-01,2.80e+00,
141,2.92e+01,2.88e-01,2.80e+00,
142,2.92e+01,2.88e-01,2.80e+00,
143,2.92e+01,2.88e-01,2.80e+00,
144,2.88e+01,2.88e-01,2.80e+00,
145,2.88e+01,2.88e-01,2.80e+00,
146,2.92e+01,2.88e-01,2.80e+00,
147,2.92e+01,2.88e-01,2.80e+00,
148,2.88e+01,2.88e-01,2.80e+00,
149,2.88e+01,2.88e-01,2.80e+00,
150,2.88e+01,2.88e-01,3.60e+00,
151,2.88e+01,2.88e-01,3.60e+00,
152,2.92e+01,2.88e-01,3.20e+00,
153,2.92e+01,2.88e-01,3.20e+00,
154,2.88e+01,2.88e-01,3.20e+00,
155,2.88e+01,2.88e-01,3.20e+00,
156,2.88e+01,2.88e-01,3.20e+00,
157,2.88e+01,2.88e-01,3.20e+00,
158,2.88e+01,2.88e-01,4.00e+00,
159,2.88e+01,2.88e-01,4.00e+00,
160,2.88e+01,2.88e-01,4.00e+00,
161,2.88e+01,2.88e-01,4.00e+00,
162,2.88e+01,2.88e-01,4.40e+00,
163,2.88e+01,2.88e-01,4.40e+00,
164,2.88e+01,2.88e-01,4.00e+00,
165,2.88e+01,2.88e-01,4.00e+00,
166,2.88e+01,2.88e-01,4.00e+00,
167,2.88e+01,2.88e-01,4.00e+00,
168,2.88e+01,2.88e-01,4.00e+00,
169,2.88e+01,2.88e-01,4.00e+00,
170,2.88e+01,2.88e-01,4.80e+00,
171,2.88e+01,2.88e-01,4.80e+00,
172,2.88e+01,2.88e-01,4.80e+00,
173,2.88e+01,2.88e-01,4.80e+00,
174,2.88e+01,2.88e-01,4.80e+00,
175,2.88e+01,2.88e-01,4.80e+00,
176,2.92e+01,2.88e-01,4.40e+00,
177,2.92e+01,2.88e-01,4.40e+00,
178,2.88e+01,2.88e-01,5.20e+00,
179,2.88e+01,2.88e-01,5.20e+00,
180,2.88e+01,2.88e-01,5.20e+00,
181,2.88e+01,2.88e-01,5.20e+00,
182,2.88e+01,2.88e-01,5.20e+00,
183,2.88e+01,2.88e-01,5.20e+00,
184,2.88e+01,2.88e-01,5.20e+00,
185,2.88e+01,2.88e-01,5.20e+00,
186,2.92e+01,2.88e-01,5.20e+00,
187,2.92e+01,2.88e-01,5.20e+00,
188,2.88e+01,2.88e-01,5.20e+00,
189,2.88e+01,2.88e-01,5.20e+00,
190,2.92e+01,2.88e-01,6.00e+00,
191,2.92e+01,2.88e-01,6.00e+00,
192,2.92e+01,2.96e-01,6.00e+00,
193,2.92e+01,2.96e-01,6.00e+00,
194,2.88e+01,2.96e-01,6.40e+00,
195,2.88e+01,2.96e-01,6.40e+00,
196,2.88e+01,2.96e-01,6.40e+00,
197,2.88e+01,2.96e-01,6.40e+00,
198,2.88e+01,2.88e-01,6.40e+00,
199,2.88e+01,2.88e-01,6.40e+00,
200,2.88e+01,2.88e-01,6.40e+00,
201,2.88e+01,2.88e-01,6.40e+00,
202,2.92e+01,2.96e-01,7.20e+00,
203,2.92e+01,2.96e-01,7.20e+00,
204,2.92e+01,2.96e-01,7.20e+00,
205,2.92e+01,2.96e-01,7.20e+00,
206,2.88e+01,2.96e-01,7.60e+00,
207,2.88e+01,2.96e-01,7.60e+00,
208,2.88e+01,2.88e-01,8.00e+00,
209,2.88e+01,2.88e-01,8.00e+00,
210,2.92e+01,2.88e-01,8.40e+00,
211,2.92e+01,2.88e-01,8.40e+00,
212,2.92e+01,2.88e-01,8.40e+00,
213,2.92e+01,2.88e-01,8.40e+00,
214,2.92e+01,2.88e-01,9.20e+00,
215,2.92e+01,2.88e-01,9.20e+00,
216,2.92e+01,2.88e-01,9.20e+00,
217,2.92e+01,2.88e-01,9.20e+00,
218,2.92e+01,2.88e-01,9.60e+00,
219,2.92e+01,2.88e-01,9.60e+00,
220,2.92e+01,2.88e-01,9.60e+00,
221,2.92e+01,2.88e-01,9.60e+00,
222,2.92e+01,2.88e-01,1.04e+01,
223,2.92e+01,2.88e-01,1.04e+01,
224,2.88e+01,2.88e-01,1.04e+01,
225,2.88e+01,2.88e-01,1.04e+01,
226,2.92e+01,2.88e-01,1.12e+01,
227,2.92e+01,2.88e-01,1.12e+01,
228,2.92e+01,2.88e-01,1.08e+01,
229,2.92e+01,2.88e-01,1.08e+01,
230,2.88e+01,2.72e-01,1.16e+01,
231,2.88e+01,2.72e-01,1.16e+01,
232,2.88e+01,2.72e-01,1.20e+01,
233,2.88e+01,2.72e-01,1.20e+01,
234,2.88e+01,2.72e-01,1.24e+01,
235,2.88e+01,2.72e-01,1.24e+01,
236,2.88e+01,2.80e-01,1.24e+01,
237,2.88e+01,2.80e-01,1.24e+01,
238,2.88e+01,2.72e-01,1.32e+01,
239,2.88e+01,2.72e-01,1.32e+01,
240,2.88e+01,2.72e-01,1.36e+01,
241,2.88e+01,2.72e-01,1.36e+01,
242,2.88e+01,2.80e-01,1.44e+01,
243,2.88e+01,2.80e-01,1.44e+01,
244,2.88e+01,2.80e-01,1.52e+01,
245,2.88e+01,2.80e-01,1.52e+01,
246,2.88e+01,2.80e-01,1.56e+01,
247,2.88e+01,2.80e-01,1.56e+01,
248,2.92e+01,2.72e-01,1.64e+01,
249,2.92e+01,2.72e-01,1.64e+01,
250,2.88e+01,2.80e-01,1.72e+01,
251,2.88e+01,2.80e-01,1.72e+01,
252,2.92e+01,2.72e-01,1.76e+01,
253,2.92e+01,2.72e-01,1.76e+01,
254,2.88e+01,2.72e-01,1.88e+01,
255,2.88e+01,2.72e-01,1.88e+01,
256,2.88e+01,2.72e-01,1.96e+01,
257,2.88e+01,2.72e-01,1.96e+01,
258,2.96e+01,2.80e-01,2.04e+01,
259,2.96e+01,2.80e-01,2.04e+01,
260,2.96e+01,2.64e-01,2.12e+01,
261,2.96e+01,2.64e-01,2.12e+01,
262,2.92e+01,2.56e-01,2.28e+01,
263,2.92e+01,2.56e-01,2.28e+01,
264,2.88e+01,2.24e-01,2.44e+01,
265,2.88e+01,2.24e-01,2.44e+01,
266,2.88e+01,2.00e-01,2.72e+01,
267,2.88e+01,2.00e-01,2.72e+01,
268,2.96e+01,1.76e-01,2.92e+01,
269,2.96e+01,1.76e-01,2.92e+01,
270,2.96e+01,1.44e-01,3.24e+01,
271,2.96e+01,1.44e-01,3.24e+01,
272,3.00e+01,7.20e-02,3.48e+01,
273,3.00e+01,7.20e-02,3.48e+01,
274,3.16e+01,-6.40e-02,3.68e+01,
275,3.16e+01,-6.40e-02,3.68e+01,
276,3.28e+01,-2.16e-01,3.80e+01,
277,3.28e+01,-2.16e-01,3.80e+01,
278,3.36e+01,-3.36e-01,3.92e+01,
279,3.36e+01,-3.36e-01,3.92e+01,
280,3.36e+01,-4.24e-01,4.04e+01,
281,3.36e+01,-4.24e-01,4.04e+01,
282,3.32e+01,-4.88e-01,4.12e+01,
283,3.32e+01,-4.88e-01,4.12e+01,
284,3.36e+01,-5.36e-01,4.12e+01,
285,3.36e+01,-5.36e-01,4.12e+01,
286,3.36e+01,-5.76e-01,4.12e+01,
287,3.36e+01,-5.76e-01,4.12e+01,
288,3.36e+01,-5.92e-01,4.12e+01,
289,3.36e+01,-5.92e-01,4.12e+01,
290,3.40e+01,-5.92e-01,4.04e+01,
291,3.40e+01,-5.92e-01,4.04e+01,
292,3.40e+01,-5.92e-01,4.00e+01,
293,3.40e+01,-5.92e-01,4.00e+01,
294,3.40e+01,-5.68e-01,3.92e+01,
295,3.40e+01,-5.68e-01,3.92e+01,
296,3.32e+01,-5.36e-01,3.88e+01,
297,3.32e+01,-5.36e-01,3.88e+01,
298,3.28e+01,-4.64e-01,3.72e+01,
299,3.28e+01,-4.64e-01,3.72e+01,
300,3.24e+01,-3.52e-01,3.48e+01,
301,3.24e+01,-3.52e-01,3.48e+01,
302,3.16e+01,-2.00e-01,3.24e+01,
303,3.16e+01,-2.00e-01,3.24e+01,
304,3.04e+01,-4.80e-02,3.00e+01,
305,3.04e+01,-4.80e-02,3.00e+01,
306,2.92e+01,1.04e-01,2.80e+01,
307,2.92e+01,1.04e-01,2.80e+01,
308,2.84e+01,2.08e-01,2.68e+01,
309,2.84e+01,2.08e-01,2.68e+01,
310,2.76e+01,2.64e-01,2.68e+01,
311,2.76e+01,2.64e-01,2.68e+01,
312,2.80e+01,2.64e-01,2.76e+01,
313,2.80e+01,2.64e-01,2.76e+01,
314,2.88e+01,2.08e-01,2.88e+01,
315,2.88e+01,2.08e-01,2.88e+01,
316,3.04e+01,9.60e-02,3.12e+01,
317,3.04e+01,9.60e-02,3.12e+01,
318,3.12e+01,-3.20e-02,3.36e+01,
319,3.12e+01,-3.20e-02,3.36e+01,
320,3.24e+01,-1.68e-01,3.64e+01,
321,3.24e+01,-1.68e-01,3.64e+01,
322,3.32e+01,-2.72e-01,3.72e+01,
323,3.32e+01,-2.72e-01,3.72e+01,
324,3.32e+01,-3.20e-01,3.72e+01,
325,3.32e+01,-3.20e-01,3.72e+01,
326,3.28e+01,-2.96e-01,3.60e+01,
327,3.28e+01,-2.96e-01,3.60e+01,
328,3.20e+01,-2.24e-01,3.40e+01,
329,3.20e+01,-2.24e-01,3.40e+01,
330,3.08e+01,-1.04e-01,3.16e+01,
331,3.08e+01,-1.04e-01,3.16e+01,
332,3.00e+01,1.60e-02,2.96e+01,
333,3.00e+01,1.60e-02,2.96e+01,
334,2.96e+01,1.28e-01,2.88e+01,
335,2.96e+01,1.28e-01,2.88e+01,
336,2.96e+01,2.08e-01,2.80e+01,
337,2.96e+01,2.08e-01,2.80e+01,
338,2.96e+01,2.24e-01,2.84e+01,
339,2.96e+01,2.24e-01,2.84e+01,
340,3.04e+01,2.08e-01,2.92e+01,
341,3.04e+01,2.08e-01,2.92e+01,
342,3.12e+01,1.28e-01,3.12e+01,
343,3.12e+01,1.28e-01,3.12e+01,
344,3.16e+01,2.40e-02,3.28e+01,
345,3.16e+01,2.40e-02,3.28e+01,
346,3.28e+01,-9.60e-02,3.48e+01,
347,3.28e+01,-9.60e-02,3.48e+01,
348,3.32e+01,-1.92e-01,3.60e+01,
349,3.32e+01,-1.92e-01,3.60e+01,
350,3.32e+01,-2.56e-01,3.68e+01,
351,3.32e+01,-2.56e-01,3.68e+01,
352,3.32e+01,-2.64e-01,3.64e+01,
353,3.32e+01,-2.64e-01,3.64e+01,
354,3.24e+01,-2.32e-01,3.52e+01,
355,3.24e+01,-2.32e-01,3.52e+01,
356,3.20e+01,-1.44e-01,3.32e+01,
357,3.20e+01,-1.44e-01,3.32e+01,
358,3.16e+01,-4.80e-02,3.20e+01,
359,3.16e+01,-4.80e-02,3.20e+01,
360,3.08e+01,6.40e-02,3.08e+01,
361,3.08e+01,6.40e-02,3.08e+01,
362,3.04e+01,1.28e-01,3.00e+01,
363,3.04e+01,1.28e-01,3.00e+01,
364,3.00e+01,1.84e-01,2.96e+01,
365,3.00e+01,1.84e-01,2.96e+01,
366,3.00e+01,1.84e-01,3.00e+01,
367,3.00e+01,1.84e-01,3.00e+01,
368,3.08e+01,1.36e-01,3.12e+01,
369,3.08e+01,1.36e-01,3.12e+01,
370,3.12e+01,6.40e-02,3.28e+01,
371,3.12e+01,6.40e-02,3.28e+01,
372,3.24e+01,-3.20e-02,3.40e+01,
373,3.24e+01,-3.20e-02,3.40e+01,
374,3.32e+01,-1.20e-01,3.52e+01,
375,3.32e+01,-1.20e-01,3.52e+01,
376,3.32e+01,-1.92e-01,3.60e+01,
377,3.32e+01,-1.92e-01,3.60e+01,
378,3.32e+01,-2.16e-01,3.60e+01,
379,3.32e+01,-2.16e-01,3.60e+01,
380,3.32e+01,-2.08e-01,3.56e+01,
381,3.32e+01,-2.08e-01,3.56e+01,
382,3.28e+01,-1.44e-01,3.44e+01,
383,3.28e+01,-1.44e-01,3.44e+01,
384,3.20e+01,-6.40e-02,3.32e+01,
385,3.20e+01,-6.40e-02,3.32e+01,
386,3.12e+01,2.40e-02,3.16e+01,
387,3.12e+01,2.40e-02,3.16e+01,
388,3.08e+01,9.60e-02,3.04e+01,
389,3.08e+01,9.60e-02,3.04e+01,
390,3.08e+01,1.36e-01,3.04e+01,
391,3.08e+01,1.36e-01,3.04e+01,
392,3.08e+01,1.44e-01,3.04e+01,
393,3.08e+01,1.44e-01,3.04e+01,
394,3.12e+01,1.20e-01,3.12e+01,
395,3.12e+01,1.20e-01,3.12e+01,
396,3.20e+01,5.60e-02,3.24e+01,
397,3.20e+01,5.60e-02,3.24e+01,
398,3.28e+01,-8.00e-03,3.36e+01,
399,3.28e+01,-8.00e-03,3.36e+01,
400,3.32e+01,-8.80e-02,3.48e+01,
401,3.32e+01,-8.80e-02,3.48e+01,
402,3.40e+01,-1.44e-01,3.56e+01,
403,3.40e+01,-1.44e-01,3.56e+01,
404,3.40e+01,-1.76e-01,3.64e+01,
405,3.40e+01,-1.76e-01,3.64e+01,
406,3.40e+01,-1.84e-01,3.60e+01,
407,3.40e+01,-1.84e-01,3.60e+01,
408,3.32e+01,-1.44e-01,3.48e+01,
409,3.32e+01,-1.44e-01,3.48e+01,
410,3.28e+01,-8.00e-02,3.36e+01,
411,3.28e+01,-8.00e-02,3.36e+01,
412,3.20e+01,-8.00e-03,3.24e+01,
413,3.20e+01,-8.00e-03,3.24e+01,
414,3.12e+01,4.80e-02,3.16e+01,
415,3.12e+01,4.80e-02,3.16e+01,
416,3.16e+01,1.04e-01,3.12e+01,
417,3.16e+01,1.04e-01,3.12e+01,
418,3.12e+01,1.20e-01,3.08e+01,
419,3.12e+01,1.20e-01,3.08e+01,
420,3.20e+01,1.04e-01,3.16e+01,
421,3.20e+01,1.04e-01,3.16e+01,
422,3.20e+01,7.20e-02,3.24e+01,
423,3.20e+01,7.20e-02,3.24e+01,
424,3.28e+01,8.00e-03,3.36e+01,
425,3.28e+01,8.00e-03,3.36e+01,
426,3.32e+01,-4.80e-02,3.48e+01,
427,3.32e+01,-4.80e-02,3.48e+01,
428,3.40e+01,-1.04e-01,3.56e+01,
429,3.40e+01,-1.04e-01,3.56e+01,
430,3.36e+01,-1.44e-01,3.64e+01,
431,3.36e+01,-1.44e-01,3.64e+01,
432,3.32e+01,-1.44e-01,3.56e+01,
433,3.32e+01,-1.44e-01,3.56e+01,
434,3.32e+01,-1.20e-01,3.52e+01,
435,3.32e+01,-1.20e-01,3.52e+01,
436,3.32e+01,-8.80e-02,3.36e+01,
437,3.32e+01,-8.80e-02,3.36e+01,
438,3.24e+01,-4.00e-02,3.28e+01,
439,3.24e+01,-4.00e-02,3.28e+01,
440,3.20e+01,2.40e-02,3.24e+01,
441,3.20e+01,2.40e-02,3.24e+01,
442,3.16e+01,5.60e-02,3.16e+01,
443,3.16e+01,5.60e-02,3.16e+01,
444,3.20e+01,8.00e-02,3.20e+01,
445,3.20e+01,8.00e-02,3.20e+01,
446,3.28e+01,8.00e-02,3.24e+01,
447,3.28e+01,8.00e-02,3.24e+01,
448,3.28e+01,5.60e-02,3.28e+01,
449,3.28e+01,5.60e-02,3.28e+01,
450,3.28e+01,8.00e-03,3.36e+01,
451,3.28e+01,8.00e-03,3.36e+01,
452,3.32e+01,-3.20e-02,3.44e+01,
453,3.32e+01,-3.20e-02,3.44e+01,
454,3.40e+01,-8.80e-02,3.48e+01,
455,3.40e+01,-8.80e-02,3.48e+01,
456,3.40e+01,-1.12e-01,3.56e+01,
457,3.40e+01,-1.12e-01,3.56e+01,
458,3.40e+01,-1.20e-01,3.56e+01,
459,3.40e+01,-1.20e-01,3.56e+01,
460,3.32e+01,-1.04e-01,3.48e+01,
461,3.32e+01,-1.04e-01,3.48e+01,
462,3.24e+01,-8.80e-02,3.44e+01,
463,3.24e+01,-8.80e-02,3.44e+01,
464,3.24e+01,-4.00e-02,3.36e+01,
465,3.24e+01,-4.00e-02,3.36e+01,
466,3.20e+01,1.60e-02,3.32e+01,
467,3.20e+01,1.60e-02,3.32e+01,
468,3.20e+01,4.80e-02,3.24e+01,
469,3.20e+01,4.80e-02,3.24e+01,
470,3.20e+01,7.20e-02,3.24e+01,
471,3.20e+01,7.20e-02,3.24e+01,
472,3.20e+01,7.20e-02,3.24e+01,
473,3.20e+01,7.20e-02,3.24e+01,
474,3.20e+01,6.40e-02,3.32e+01,
475,3.20e+01,6.40e-02,3.32e+01,
476,3.28e+01,2.40e-02,3.36e+01,
477,3.28e+01,2.40e-02,3.36e+01,
478,3.24e+01,-2.40e-02,3.44e+01,
479,3.24e+01,-2.40e-02,3.44e+01,
480,3.32e+01,-6.40e-02,3.48e+01,
481,3.32e+01,-6.40e-02,3.48e+01,
482,3.36e+01,-8.80e-02,3.48e+01,
483,3.36e+01,-8.80e-02,3.48e+01,
484,3.40e+01,-9.60e-02,3.48e+01,
485,3.40e+01,-9.60e-02,3.48e+01,
486,3.40e+01,-8.80e-02,3.48e+01,
487,3.40e+01,-8.80e-02,3.48e+01,
488,3.32e+01,-7.20e-02,3.40e+01,
489,3.32e+01,-7.20e-02,3.40e+01,
490,3.24e+01,-4.80e-02,3.36e+01,
491,3.24e+01,-4.80e-02,3.36e+01,
492,3.24e+01,-8.00e-03,3.32e+01,
493,3.24e+01,-8.00e-03,3.32e+01,
494,3.20e+01,2.40e-02,3.24e+01,
495,3.20e+01,2.40e-02,3.24e+01,
496,3.20e+01,4.80e-02,3.24e+01,
497,3.20e+01,4.80e-02,3.24e+01,
498,3.20e+01,5.60e-02,3.24e+01,
499,3.20e+01,5.60e-02,3.24e+01,
500,3.28e+01,4.80e-02,3.24e+01,
501,3.28e+01,4.80e-02,3.24e+01,
502,3.32e+01,2.40e-02,3.28e+01,
503,3.32e+01,2.40e-02,3.28e+01,
504,3.32e+01,-1.60e-02,3.36e+01,
505,3.32e+01,-1.60e-02,3.36e+01,
506,3.36e+01,-3.20e-02,3.40e+01,
507,3.36e+01,-3.20e-02,3.40e+01,
508,3.32e+01,-6.40e-02,3.40e+01,
509,3.32e+01,-6.40e-02,3.40e+01,
510,3.32e+01,-7.20e-02,3.40e+01,
511,3.32e+01,-7.20e-02,3.40e+01,
512,3.36e+01,-8.00e-02,3.40e+01,
513,3.36e+01,-8.00e-02,3.40e+01,
514,3.28e+01,-7.20e-02,3.40e+01,
515,3.28e+01,-7.20e-02,3.40e+01,
516,3.28e+01,-4.80e-02,3.32e+01,
517,3.28e+01,-4.80e-02,3.32e+01,
518,3.28e+01,-1.60e-02,3.36e+01,
519,3.28e+01,-1.60e-02,3.36e+01,
520,3.24e+01,1.60e-02,3.28e+01,
521,3.24e+01,1.60e-02,3.28e+01,
522,3.24e+01,2.40e-02,3.24e+01,
523,3.24e+01,2.40e-02,3.24e+01,
524,3.24e+01,3.20e-02,3.20e+01,
525,3.24e+01,3.20e-02,3.20e+01,
526,3.24e+01,3.20e-02,3.20e+01,
527,3.24e+01,3.20e-02,3.20e+01,
528,3.28e+01,2.40e-02,3.28e+01,
529,3.28e+01,2.40e-02,3.28e+01,
530,3.24e+01,0.00e+00,3.32e+01,
531,3.24e+01,0.00e+00,3.32e+01,
532,3.28e+01,-2.40e-02,3.36e+01,
533,3.28e+01,-2.40e-02,3.36e+01,
534,3.28e+01,-4.80e-02,3.40e+01,
535,3.28e+01,-4.80e-02,3.40e+01,
536,3.36e+01,-6.40e-02,3.40e+01,
537,3.36e+01,-6.40e-02,3.40e+01,
538,3.32e+01,-6.40e-02,3.44e+01,
539,3.32e+01,-6.40e-02,3.44e+01,
540,3.32e+01,-5.60e-02,3.36e+01,
541,3.32e+01,-5.60e-02,3.36e+01,
542,3.28e+01,-4.80e-02,3.36e+01,
543,3.28e+01,-4.80e-02,3.36e+01,
544,3.24e+01,-2.40e-02,3.28e+01,
545,3.24e+01,-2.40e-02,3.28e+01,
546,3.28e+01,0.00e+00,3.24e+01,
547,3.28e+01,0.00e+00,3.24e+01,
548,3.24e+01,1.60e-02,3.16e+01,
549,3.24e+01,1.60e-02,3.16e+01,
550,3.32e+01,-2.40e-02,3.08e+01,
551,3.32e+01,-2.40e-02,3.08e+01,
552,3.48e+01,-1.68e-01,2.96e+01,
553,3.48e+01,-1.68e-01,2.96e+01,
554,3.64e+01,-3.20e-01,2.80e+01,
555,3.64e+01,-3.20e-01,2.80e+01,
556,3.64e+01,-3.28e-01,2.52e+01,
557,3.64e+01,-3.28e-01,2.52e+01,
558,3.36e+01,-1.04e-01,2.36e+01,
559,3.36e+01,-1.04e-01,2.36e+01,
560,3.16e+01,1.04e-01,2.12e+01,
561,3.16e+01,1.04e-01,2.12e+01,
562,3.16e+01,1.44e-01,1.88e+01,
563,3.16e+01,1.44e-01,1.88e+01,
564,3.36e+01,3.20e-02,1.68e+01,
565,3.36e+01,3.20e-02,1.68e+01,
566,3.44e+01,-2.40e-02,1.64e+01,
567,3.44e+01,-2.40e-02,1.64e+01,
568,3.44e+01,2.40e-02,1.56e+01,
569,3.44e+01,2.40e-02,1.56e+01,
570,3.36e+01,9.60e-02,1.56e+01,
571,3.36e+01,9.60e-02,1.56e+01,
572,3.28e+01,1.28e-01,1.52e+01,
573,3.28e+01,1.28e-01,1.52e+01,
574,3.28e+01,1.20e-01,1.52e+01,
575,3.28e+01,1.20e-01,1.52e+01,
576,3.32e+01,9.60e-02,1.52e+01,
577,3.32e+01,9.60e-02,1.52e+01,
578,3.36e+01,1.12e-01,1.60e+01,
579,3.36e+01,1.12e-01,1.60e+01,
580,3.36e+01,1.20e-01,1.64e+01,
581,3.36e+01,1.20e-01,1.64e+01,
582,3.32e+01,1.20e-01,1.76e+01,
583,3.32e+01,1.20e-01,1.76e+01,
584,3.32e+01,9.60e-02,1.88e+01,
585,3.32e+01,9.60e-02,1.88e+01,
586,3.32e+01,5.60e-02,2.04e+01,
587,3.32e+01,5.60e-02,2.04e+01,
588,3.32e+01,4.80e-02,2.24e+01,
589,3.32e+01,4.80e-02,2.24e+01,
590,3.32e+01,3.20e-02,2.48e+01,
591,3.32e+01,3.20e-02,2.48e+01,
592,3.32e+01,1.60e-02,2.72e+01,
593,3.32e+01,1.60e-02,2.72e+01,
594,3.32e+01,-8.00e-03,3.04e+01,
595,3.32e+01,-8.00e-03,3.04e+01,
596,3.32e+01,-4.80e-02,3.28e+01,
597,3.32e+01,-4.80e-02,3.28e+01,
598,3.36e+01,-8.80e-02,3.56e+01,
599,3.36e+01,-8.80e-02,3.56e+01,
600,3.40e+01,-1.44e-01,3.72e+01,
601,3.40e+01,-1.44e-01,3.72e+01,
602,3.44e+01,-2.16e-01,3.80e+01,
603,3.44e+01,-2.16e-01,3.80e+01,
604,3.52e+01,-2.80e-01,3.80e+01,
605,3.52e+01,-2.80e-01,3.80e+01,
606,3.44e+01,-2.72e-01,3.72e+01,
607,3.44e+01,-2.72e-01,3.72e+01,
608,3.40e+01,-2.08e-01,3.52e+01,
609,3.40e+01,-2.08e-01,3.52e+01,
610,3.28e+01,-8.80e-02,3.36e+01,
611,3.28e+01,-8.80e-02,3.36e+01,
612,3.20e+01,4.00e-02,3.12e+01,
613,3.20e+01,4.00e-02,3.12e+01,
614,3.16e+01,1.36e-01,3.00e+01,
615,3.16e+01,1.36e-01,3.00e+01,
616,3.08e+01,1.92e-01,2.96e+01,
617,3.08e+01,1.92e-01,2.96e+01,
618,3.08e+01,2.16e-01,3.00e+01,
619,3.08e+01,2.16e-01,3.00e+01,
620,3.16e+01,1.84e-01,3.04e+01,
621,3.16e+01,1.84e-01,3.04e+01,
622,3.24e+01,1.12e-01,3.20e+01,
623,3.24e+01,1.12e-01,3.20e+01,
624,3.28e+01,1.60e-02,3.36e+01,
625,3.28e+01,1.60e-02,3.36e+01,
626,3.40e+01,-8.80e-02,3.56e+01,
627,3.40e+01,-8.80e-02,3.56e+01,
628,3.48e+01,-1.68e-01,3.60e+01,
629,3.48e+01,-1.68e-01,3.60e+01,
630,3.48e+01,-2.32e-01,3.64e+01,
631,3.48e+01,-2.32e-01,3.64e+01,
632,3.44e+01,-2.64e-01,3.56e+01,
633,3.44e+01,-2.64e-01,3.56e+01,
634,3.36e+01,-2.32e-01,3.44e+01,
635,3.36e+01,-2.32e-01,3.44e+01,
636,3.28e+01,-8.80e-02,3.24e+01,
637,3.28e+01,-8.80e-02,3.24e+01,
638,3.12e+01,7.20e-02,3.12e+01,
639,3.12e+01,7.20e-02,3.12e+01,
640,3.16e+01,7.20e-02,2.96e+01,
641,3.16e+01,7.20e-02,2.96e+01,
642,3.32e+01,-9.60e-02,2.76e+01,
643,3.32e+01,-9.60e-02,2.76e+01,
644,3.48e+01,-1.76e-01,2.56e+01,
645,3.48e+01,-1.76e-01,2.56e+01,
646,3.44e+01,-4.00e-02,2.52e+01,
647,3.44e+01,-4.00e-02,2.52e+01,
648,3.28e+01,1.12e-01,2.36e+01,
649,3.28e+01,1.12e-01,2.36e+01,
650,3.24e+01,5.60e-02,2.20e+01,
651,3.24e+01,5.60e-02,2.20e+01,
652,3.32e+01,-4.00e-02,2.08e+01,
653,3.32e+01,-4.00e-02,2.08e+01,
654,3.32e+01,1.60e-02,2.08e+01,
655,3.32e+01,1.60e-02,2.08e+01,
656,3.32e+01,1.12e-01,2.04e+01,
657,3.32e+01,1.12e-01,2.04e+01,
658,3.32e+01,8.80e-02,2.00e+01,
659,3.32e+01,8.80e-02,2.00e+01,
660,3.32e+01,3.20e-02,1.92e+01,
661,3.32e+01,3.20e-02,1.92e+01,
662,3.28e+01,4.80e-02,2.00e+01,
663,3.28e+01,4.80e-02,2.00e+01,
664,3.28e+01,1.12e-01,2.12e+01,
665,3.28e+01,1.12e-01,2.12e+01,
666,3.24e+01,7.20e-02,2.16e+01,
667,3.24e+01,7.20e-02,2.16e+01,
668,3.32e+01,8.00e-03,2.24e+01,
669,3.32e+01,8.00e-03,2.24e+01,
670,3.32e+01,2.40e-02,2.36e+01,
671,3.32e+01,2.40e-02,2.36e+01,
672,3.32e+01,6.40e-02,2.52e+01,
673,3.32e+01,6.40e-02,2.52e+01,
674,3.32e+01,3.20e-02,2.68e+01,
675,3.32e+01,3.20e-02,2.68e+01,
676,3.32e+01,-8.00e-03,2.80e+01,
677,3.32e+01,-8.00e-03,2.80e+01,
678,3.32e+01,-4.00e-02,2.96e+01,
679,3.32e+01,-4.00e-02,2.96e+01,
680,3.32e+01,-2.40e-02,3.16e+01,
681,3.32e+01,-2.40e-02,3.16e+01,
682,3.32e+01,-2.40e-02,3.28e+01,
683,3.32e+01,-2.40e-02,3.28e+01,
684,3.36e+01,-6.40e-02,3.44e+01,
685,3.36e+01,-6.40e-02,3.44e+01,
686,3.32e+01,-9.60e-02,3.48e+01,
687,3.32e+01,-9.60e-02,3.48e+01,
688,3.36e+01,-1.20e-01,3.52e+01,
689,3.36e+01,-1.20e-01,3.52e+01,
690,3.40e+01,-1.20e-01,3.56e+01,
691,3.40e+01,-1.20e-01,3.56e+01,
692,3.40e+01,-1.20e-01,3.48e+01,
693,3.40e+01,-1.20e-01,3.48e+01,
694,3.32e+01,-1.04e-01,3.40e+01,
695,3.32e+01,-1.04e-01,3.40e+01,
696,3.28e+01,-7.20e-02,3.36e+01,
697,3.28e+01,-7.20e-02,3.36e+01,
698,3.24e+01,0.00e+00,3.32e+01,
699,3.24e+01,0.00e+00,3.32e+01,
700,3.24e+01,5.60e-02,3.20e+01,
701,3.24e+01,5.60e-02,3.20e+01,
702,3.24e+01,5.60e-02,3.12e+01,
703,3.24e+01,5.60e-02,3.12e+01,
704,3.20e+01,7.20e-02,3.12e+01,
705,3.20e+01,7.20e-02,3.12e+01,
706,3.20e+01,7.20e-02,3.08e+01,
707,3.20e+01,7.20e-02,3.08e+01,
708,3.44e+01,-5.60e-02,3.08e+01,
709,3.44e+01,-5.60e-02,3.08e+01,
710,3.68e+01,-2.72e-01,3.04e+01,
711,3.68e+01,-2.72e-01,3.04e+01,
712,3.56e+01,-2.16e-01,2.92e+01,
713,3.56e+01,-2.16e-01,2.92e+01,
714,3.08e+01,1.28e-01,2.80e+01,
715,3.08e+01,1.28e-01,2.80e+01,
716,2.88e+01,2.32e-01,2.68e+01,
717,2.88e+01,2.32e-01,2.68e+01,
718,3.28e+01,-9.60e-02,2.52e+01,
719,3.28e+01,-9.60e-02,2.52e+01,
720,3.64e+01,-3.04e-01,2.40e+01,
721,3.64e+01,-3.04e-01,2.40e+01,
722,3.40e+01,-2.40e-02,2.36e+01,
723,3.40e+01,-2.40e-02,2.36e+01,
724,3.08e+01,2.56e-01,2.40e+01,
725,3.08e+01,2.56e-01,2.40e+01,
726,3.20e+01,6.40e-02,2.32e+01,
727,3.20e+01,6.40e-02,2.32e+01,
728,3.48e+01,-1.92e-01,2.20e+01,
729,3.48e+01,-1.92e-01,2.20e+01,
730,3.32e+01,-4.00e-02,2.28e+01,
731,3.32e+01,-4.00e-02,2.28e+01,
732,3.12e+01,2.08e-01,2.32e+01,
733,3.12e+01,2.08e-01,2.32e+01,
734,3.28e+01,7.20e-02,2.32e+01,
735,3.28e+01,7.20e-02,2.32e+01,
736,3.44e+01,-1.36e-01,2.32e+01,
737,3.44e+01,-1.36e-01,2.32e+01,
738,3.40e+01,-2.40e-02,2.36e+01,
739,3.40e+01,-2.40e-02,2.36e+01,
740,3.20e+01,1.68e-01,2.48e+01,
741,3.20e+01,1.68e-01,2.48e+01,
742,3.28e+01,7.20e-02,2.64e+01,
743,3.28e+01,7.20e-02,2.64e+01,
744,3.44e+01,-1.20e-01,2.68e+01,
745,3.44e+01,-1.20e-01,2.68e+01,
746,3.40e+01,-6.40e-02,2.76e+01,
747,3.40e+01,-6.40e-02,2.76e+01,
748,3.24e+01,8.80e-02,2.88e+01,
749,3.24e+01,8.80e-02,2.88e+01,
750,3.20e+01,3.20e-02,3.00e+01,
751,3.20e+01,3.20e-02,3.00e+01,
752,3.32e+01,-9.60e-02,3.08e+01,
753,3.32e+01,-9.60e-02,3.08e+01,
754,3.40e+01,-9.60e-02,3.20e+01,
755,3.40e+01,-9.60e-02,3.20e+01,
756,3.36e+01,-8.00e-03,3.24e+01,
757,3.36e+01,-8.00e-03,3.24e+01,
758,3.28e+01,-1.60e-02,3.28e+01,
759,3.28e+01,-1.60e-02,3.28e+01,
760,3.28e+01,-7.20e-02,3.36e+01,
761,3.28e+01,-7.20e-02,3.36e+01,
762,3.28e+01,-8.80e-02,3.36e+01,
763,3.28e+01,-8.80e-02,3.36e+01,
764,3.32e+01,-4.80e-02,3.36e+01,
765,3.32e+01,-4.80e-02,3.36e+01,
766,3.32e+01,-4.00e-02,3.36e+01,
767,3.32e+01,-4.00e-02,3.36e+01,
768,3.32e+01,-5.60e-02,3.28e+01,
769,3.32e+01,-5.60e-02,3.28e+01,
770,3.32e+01,-7.20e-02,3.20e+01,
771,3.32e+01,-7.20e-02,3.20e+01,
772,3.32e+01,-6.40e-02,3.16e+01,
773,3.32e+01,-6.40e-02,3.16e+01,
774,3.32e+01,-3.20e-02,3.12e+01,
775,3.32e+01,-3.20e-02,3.12e+01,
776,3.32e+01,-3.20e-02,3.00e+01,
777,3.32e+01,-3.20e-02,3.00e+01,
778,3.32e+01,-4.80e-02,2.96e+01,
779,3.32e+01,-4.80e-02,2.96e+01,
780,3.32e+01,-4.80e-02,2.80e+01,
781,3.32e+01,-4.80e-02,2.80e+01,
782,3.32e+01,-8.00e-03,2.68e+01,
783,3.32e+01,-8.00e-03,2.68e+01,
784,3.32e+01,1.60e-02,2.64e+01,
785,3.32e+01,1.60e-02,2.64e+01,
786,3.32e+01,-1.60e-02,2.56e+01,
787,3.32e+01,-1.60e-02,2.56e+01,
788,3.32e+01,-2.40e-02,2.52e+01,
789,3.32e+01,-2.40e-02,2.52e+01,
790,3.36e+01,0.00e+00,2.44e+01,
791,3.36e+01,0.00e+00,2.44e+01,
792,3.36e+01,4.00e-02,2.36e+01,
793,3.36e+01,4.00e-02,2.36e+01,
794,3.36e+01,2.40e-02,2.40e+01,
795,3.36e+01,2.40e-02,2.40e+01,
796,3.32e+01,8.00e-03,2.40e+01,
797,3.32e+01,8.00e-03,2.40e+01,
798,3.32e+01,2.40e-02,2.36e+01,
799,3.32e+01,2.40e-02,2.36e+01,
800,3.32e+01,4.80e-02,2.40e+01,
801,3.32e+01,4.80e-02,2.40e+01,
802,3.32e+01,4.00e-02,2.40e+01,
803,3.32e+01,4.00e-02,2.40e+01,
804,3.32e+01,8.00e-03,2.44e+01,
805,3.32e+01,8.00e-03,2.44e+01,
806,3.32e+01,1.60e-02,2.56e+01,
807,3.32e+01,1.60e-02,2.56e+01,
808,3.32e+01,2.40e-02,2.60e+01,
809,3.32e+01,2.40e-02,2.60e+01,
810,3.32e+01,8.00e-03,2.68e+01,
811,3.32e+01,8.00e-03,2.68e+01,
812,3.36e+01,-1.60e-02,2.72e+01,
813,3.36e+01,-1.60e-02,2.72e+01,
814,3.32e+01,-8.00e-03,2.84e+01,
815,3.32e+01,-8.00e-03,2.84e+01,
816,3.32e+01,-8.00e-03,2.92e+01,
817,3.32e+01,-8.00e-03,2.92e+01,
818,3.32e+01,-2.40e-02,2.96e+01,
819,3.32e+01,-2.40e-02,2.96e+01,
820,3.32e+01,-4.00e-02,3.04e+01,
821,3.32e+01,-4.00e-02,3.04e+01,
822,3.32e+01,-4.80e-02,3.16e+01,
823,3.32e+01,-4.80e-02,3.16e+01,
824,3.32e+01,-4.80e-02,3.24e+01,
825,3.32e+01,-4.80e-02,3.24e+01,
826,3.32e+01,-4.80e-02,3.24e+01,
827,3.32e+01,-4.80e-02,3.24e+01,
828,3.32e+01,-4.80e-02,3.24e+01,
829,3.32e+01,-4.80e-02,3.24e+01,
830,3.32e+01,-5.60e-02,3.24e+01,
831,3.32e+01,-5.60e-02,3.24e+01,
832,3.32e+01,-5.60e-02,3.20e+01,
833,3.32e+01,-5.60e-02,3.20e+01,
834,3.32e+01,-5.60e-02,3.20e+01,
835,3.32e+01,-5.60e-02,3.20e+01,
836,3.32e+01,-4.80e-02,3.16e+01,
837,3.32e+01,-4.80e-02,3.16e+01,
838,3.32e+01,-4.80e-02,3.12e+01,
839,3.32e+01,-4.80e-02,3.12e+01,
840,3.32e+01,-4.80e-02,3.04e+01,
841,3.32e+01,-4.80e-02,3.04e+01,
842,3.32e+01,-4.80e-02,3.00e+01,
843,3.32e+01,-4.80e-02,3.00e+01,
844,3.36e+01,-3.20e-02,2.88e+01,
845,3.36e+01,-3.20e-02,2.88e+01,
846,3.36e+01,-4.00e-02,2.80e+01,
847,3.36e+01,-4.00e-02,2.80e+01,
848,3.32e+01,-2.40e-02,2.72e+01,
849,3.32e+01,-2.40e-02,2.72e+01,
850,3.32e+01,-8.00e-03,2.68e+01,
851,3.32e+01,-8.00e-03,2.68e+01,
852,3.32e+01,0.00e+00,2.56e+01,
853,3.32e+01,0.00e+00,2.56e+01,
854,3.32e+01,0.00e+00,2.52e+01,
855,3.32e+01,0.00e+00,2.52e+01,
856,3.32e+01,0.00e+00,2.48e+01,
857,3.32e+01,0.00e+00,2.48e+01,
858,3.32e+01,8.00e-03,2.48e+01,
859,3.32e+01,8.00e-03,2.48e+01,
860,3.32e+01,2.40e-02,2.40e+01,
861,3.32e+01,2.40e-02,2.40e+01,
862,3.36e+01,2.40e-02,2.44e+01,
863,3.36e+01,2.40e-02,2.44e+01,
864,3.36e+01,2.40e-02,2.44e+01,
865,3.36e+01,2.40e-02,2.44e+01,
866,3.36e+01,2.40e-02,2.44e+01,
867,3.36e+01,2.40e-02,2.44e+01,
868,3.32e+01,2.40e-02,2.44e+01,
869,3.32e+01,2.40e-02,2.44e+01,
870,3.32e+01,2.40e-02,2.52e+01,
871,3.32e+01,2.40e-02,2.52e+01,
872,3.32e+01,8.00e-03,2.56e+01,
873,3.32e+01,8.00e-03,2.56e+01,
874,3.32e+01,0.00e+00,2.64e+01,
875,3.32e+01,0.00e+00,2.64e+01,
876,3.32e+01,0.00e+00,2.68e+01,
877,3.32e+01,0.00e+00,2.68e+01,
878,3.32e+01,0.00e+00,2.84e+01,
879,3.32e+01,0.00e+00,2.84e+01,
880,3.32e+01,-8.00e-03,2.88e+01,
881,3.32e+01,-8.00e-03,2.88e+01,
882,3.32e+01,-2.40e-02,2.92e+01,
883,3.32e+01,-2.40e-02,2.92e+01,
884,3.32e+01,-2.40e-02,2.96e+01,
885,3.32e+01,-2.40e-02,2.96e+01,
886,3.32e+01,-2.40e-02,3.04e+01,
887,3.32e+01,-2.40e-02,3.04e+01,
888,3.36e+01,-2.40e-02,3.12e+01,
889,3.36e+01,-2.40e-02,3.12e+01,
890,3.36e+01,-3.20e-02,3.16e+01,
891,3.36e+01,-3.20e-02,3.16e+01,
892,3.36e+01,-4.80e-02,3.16e+01,
893,3.36e+01,-4.80e-02,3.16e+01,
894,3.36e+01,-4.80e-02,3.16e+01,
895,3.36e+01,-4.80e-02,3.16e+01,
896,3.36e+01,-4.80e-02,3.20e+01,
897,3.36e+01,-4.80e-02,3.20e+01,
898,3.36e+01,-4.80e-02,3.20e+01,
899,3.36e+01,-4.80e-02,3.20e+01,
900,3.36e+01,-4.80e-02,3.16e+01,
901,3.36e+01,-4.80e-02,3.16e+01,
902,3.32e+01,-4.80e-02,3.16e+01,
903,3.32e+01,-4.80e-02,3.16e+01,
904,3.32e+01,-4.80e-02,3.08e+01,
905,3.32e+01,-4.80e-02,3.08e+01,
906,3.32e+01,-4.80e-02,3.04e+01,
907,3.32e+01,-4.80e-02,3.04e+01,
908,3.32e+01,-3.20e-02,2.92e+01,
909,3.32e+01,-3.20e-02,2.92e+01,
910,3.32e+01,-3.20e-02,2.88e+01,
911,3.32e+01,-3.20e-02,2.88e+01,
912,3.32e+01,-2.40e-02,2.80e+01,
913,3.32e+01,-2.40e-02,2.80e+01,
914,3.32e+01,-2.40e-02,2.72e+01,
915,3.32e+01,-2.40e-02,2.72e+01,
916,3.32e+01,-8.00e-03,2.68e+01,
917,3.32e+01,-8.00e-03,2.68e+01,
918,3.32e+01,-8.00e-03,2.64e+01,
919,3.32e+01,-8.00e-03,2.64e+01,
920,3.32e+01,8.00e-03,2.56e+01,
921,3.32e+01,8.00e-03,2.56e+01,
922,3.32e+01,1.60e-02,2.48e+01,
923,3.32e+01,1.60e-02,2.48e+01,
924,3.32e+01,1.60e-02,2.52e+01,
925,3.32e+01,1.60e-02,2.52e+01,
926,3.32e+01,1.60e-02,2.48e+01,
927,3.32e+01,1.60e-02,2.48e+01,
928,3.32e+01,8.00e-03,2.48e+01,
929,3.32e+01,8.00e-03,2.48e+01,
930,3.32e+01,8.00e-03,2.48e+01,
931,3.32e+01,8.00e-03,2.48e+01,
932,3.32e+01,8.00e-03,2.48e+01,
933,3.32e+01,8.00e-03,2.48e+01,
934,3.32e+01,8.00e-03,2.56e+01,
935,3.32e+01,8.00e-03,2.56e+01,
936,3.36e+01,1.60e-02,2.56e+01,
937,3.36e+01,1.60e-02,2.56e+01,
938,3.36e+01,8.00e-03,2.60e+01,
939,3.36e+01,8.00e-03,2.60e+01,
940,3.36e+01,8.00e-03,2.60e+01,
941,3.36e+01,8.00e-03,2.60e+01,
942,3.32e+01,8.00e-03,2.68e+01,
943,3.32e+01,8.00e-03,2.68e+01,
944,3.32e+01,0.00e+00,2.76e+01,
945,3.32e+01,0.00e+00,2.76e+01,
946,3.32e+01,-8.00e-03,2.80e+01,
947,3.32e+01,-8.00e-03,2.80e+01,
948,3.32e+01,-1.60e-02,2.88e+01,
949,3.32e+01,-1.60e-02,2.88e+01,
950,3.32e+01,-8.00e-03,2.92e+01,
951,3.32e+01,-8.00e-03,2.92e+01,
952,3.32e+01,-2.40e-02,3.00e+01,
953,3.32e+01,-2.40e-02,3.00e+01,
954,3.32e+01,-4.00e-02,3.04e+01,
955,3.32e+01,-4.00e-02,3.04e+01,
956,3.32e+01,-3.20e-02,3.12e+01,
957,3.32e+01,-3.20e-02,3.12e+01,
958,3.36e+01,-3.20e-02,3.12e+01,
959,3.36e+01,-3.20e-02,3.12e+01,
960,3.36e+01,-3.20e-02,3.12e+01,
961,3.36e+01,-3.20e-02,3.12e+01,
962,3.36e+01,-4.00e-02,3.12e+01,
963,3.36e+01,-4.00e-02,3.12e+01,
964,3.32e+01,-4.00e-02,3.12e+01,
965,3.32e+01,-4.00e-02,3.12e+01,
966,3.32e+01,-3.20e-02,3.08e+01,
967,3.32e+01,-3.20e-02,3.08e+01,
968,3.36e+01,-4.00e-02,3.08e+01,
969,3.36e+01,-4.00e-02,3.08e+01,
970,3.36e+01,-4.00e-02,3.04e+01,
971,3.36e+01,-4.00e-02,3.04e+01,
972,3.32e+01,-3.20e-02,2.96e+01,
973,3.32e+01,-3.20e-02,2.96e+01,
974,3.32e+01,-3.20e-02,2.92e+01,
975,3.32e+01,-3.20e-02,2.92e+01,
976,3.32e+01,-2.40e-02,2.88e+01,
977,3.32e+01,-2.40e-02,2.88e+01,
978,3.32e+01,-8.00e-03,2.84e+01,
979,3.32e+01,-8.00e-03,2.84e+01,
980,3.32e+01,-8.00e-03,2.76e+01,
981,3.32e+01,-8.00e-03,2.76e+01,
982,3.32e+01,-1.60e-02,2.76e+01,
983,3.32e+01,-1.60e-02,2.76e+01,
984,3.32e+01,-1.60e-02,2.68e+01,
985,3.32e+01,-1.60e-02,2.68e+01,
986,3.32e+01,-1.60e-02,2.60e+01,
987,3.32e+01,-1.60e-02,2.60e+01,
988,3.32e+01,0.00e+00,2.56e+01,
989,3.32e+01,0.00e+00,2.56e+01,
990,3.32e+01,1.60e-02,2.56e+01,
991,3.32e+01,1.60e-02,2.56e+01,
992,3.36e+01,8.00e-03,2.56e+01,
993,3.36e+01,8.00e-03,2.56e+01,
994,3.36e+01,1.60e-02,2.56e+01,
995,3.36e+01,1.60e-02,2.56e+01,
996,3.32e+01,1.60e-02,2.52e+01,
997,3.32e+01,1.60e-02,2.52e+01,
998,3.32e+01,1.60e-02,2.52e+01,
999,3.32e+01,1.60e-02,2.52e+01,
1000,3.32e+01,1.60e-02,2.56e+01,
1001,3.32e+01,1.60e-02,2.56e+01,
1002,3.32e+01,1.60e-02,2.64e+01,
1003,3.32e+01,1.60e-02,2.64e+01,
1004,3.32e+01,1.60e-02,2.64e+01,
1005,3.32e+01,1.60e-02,2.64e+01,
1006,3.32e+01,8.00e-03,2.64e+01,
1007,3.32e+01,8.00e-03,2.64e+01,
1008,3.32e+01,0.00e+00,2.72e+01,
1009,3.32e+01,0.00e+00,2.72e+01,
1010,3.32e+01,-1.60e-02,2.76e+01,
1011,3.32e+01,-1.60e-02,2.76e+01,
1012,3.36e+01,-8.00e-03,2.80e+01,
1013,3.36e+01,-8.00e-03,2.80e+01,
1014,3.32e+01,-8.00e-03,2.88e+01,
1015,3.32e+01,-8.00e-03,2.88e+01,
1016,3.32e+01,-1.60e-02,2.92e+01,
1017,3.32e+01,-1.60e-02,2.92e+01,
1018,3.32e+01,-1.60e-02,2.96e+01,
1019,3.32e+01,-1.60e-02,2.96e+01,
1020,3.32e+01,-2.40e-02,2.96e+01,
1021,3.32e+01,-2.40e-02,2.96e+01,
1022,3.32e+01,-3.20e-02,3.04e+01,
1023,3.32e+01,-3.20e-02,3.04e+01,
1024,3.36e+01,-3.20e-02,3.04e+01,
1025,3.36e+01,-3.20e-02,3.04e+01,
1026,3.36e+01,-3.20e-02,3.08e+01,
1027,3.36e+01,-3.20e-02,3.08e+01,
1028,3.36e+01,-3.20e-02,3.04e+01,
1029,3.36e+01,-3.20e-02,3.04e+01,
1030,3.36e+01,-4.00e-02,3.04e+01,
1031,3.36e+01,-4.00e-02,3.04e+01,
1032,3.36e+01,-3.20e-02,3.04e+01,
1033,3.36e+01,-3.20e-02,3.04e+01,
1034,3.36e+01,-3.20e-02,3.04e+01,
1035,3.36e+01,-3.20e-02,3.04e+01,
1036,3.36e+01,-3.20e-02,3.00e+01,
1037,3.36e+01,-3.20e-02,3.00e+01,
1038,3.36e+01,-3.20e-02,3.00e+01,
1039,3.36e+01,-3.20e-02,3.00e+01,
1040,3.32e+01,-1.60e-02,2.96e+01,
1041,3.32e+01,-1.60e-02,2.96e+01,
1042,3.32e+01,-2.40e-02,2.88e+01,
1043,3.32e+01,-2.40e-02,2.88e+01,
1044,3.32e+01,-2.40e-02,2.80e+01,
1045,3.32e+01,-2.40e-02,2.80e+01,
1046,3.32e+01,-2.40e-02,2.80e+01,
1047,3.32e+01,-2.40e-02,2.80e+01,
1048,3.32e+01,-1.60e-02,2.76e+01,
1049,3.32e+01,-1.60e-02,2.76e+01,
1050,3.32e+01,0.00e+00,2.68e+01,
1051,3.32e+01,0.00e+00,2.68e+01,
1052,3.32e+01,0.00e+00,2.64e+01,
1053,3.32e+01,0.00e+00,2.64e+01,
1054,3.32e+01,0.00e+00,2.60e+01,
1055,3.32e+01,0.00e+00,2.60e+01,
1056,3.32e+01,0.00e+00,2.60e+01,
1057,3.32e+01,0.00e+00,2.60e+01,
1058,3.36e+01,0.00e+00,2.60e+01,
1059,3.36e+01,0.00e+00,2.60e+01,
1060,3.32e+01,1.60e-02,2.56e+01,
1061,3.32e+01,1.60e-02,2.56e+01,
1062,3.32e+01,8.00e-03,2.56e+01,
1063,3.32e+01,8.00e-03,2.56e+01,
1064,3.32e+01,8.00e-03,2.56e+01,
1065,3.32e+01,8.00e-03,2.56e+01,
1066,3.32e+01,8.00e-03,2.60e+01,
1067,3.32e+01,8.00e-03,2.60e+01,
1068,3.32e+01,8.00e-03,2.64e+01,
1069,3.32e+01,8.00e-03,2.64e+01,
1070,3.32e+01,0.00e+00,2.68e+01,
1071,3.32e+01,0.00e+00,2.68e+01,
1072,3.36e+01,0.00e+00,2.68e+01,
1073,3.36e+01,0.00e+00,2.68e+01,
1074,3.36e+01,0.00e+00,2.68e+01,
1075,3.36e+01,0.00e+00,2.68e+01,
1076,3.36e+01,0.00e+00,2.76e+01,
1077,3.36e+01,0.00e+00,2.76e+01,
1078,3.36e+01,0.00e+00,2.80e+01,
1079,3.36e+01,0.00e+00,2.80e+01,
1080,3.32e+01,-8.00e-03,2.88e+01,
1081,3.32e+01,-8.00e-03,2.88e+01,
1082,3.32e+01,-2.40e-02,2.92e+01,
1083,3.32e+01,-2.40e-02,2.92e+01,
1084,3.36e+01,-2.40e-02,2.92e+01,
1085,3.36e+01,-2.40e-02,2.92e+01,
1086,3.36e+01,-2.40e-02,3.00e+01,
1087,3.36e+01,-2.40e-02,3.00e+01,
1088,3.32e+01,-2.40e-02,3.00e+01,
1089,3.32e+01,-2.40e-02,3.00e+01,
1090,3.32e+01,-3.20e-02,3.08e+01,
1091,3.32e+01,-3.20e-02,3.08e+01,
1092,3.32e+01,-4.00e-02,3.04e+01,
1093,3.32e+01,-4.00e-02,3.04e+01,
1094,3.32e+01,-4.00e-02,3.04e+01,
1095,3.32e+01,-4.00e-02,3.04e+01,
1096,3.32e+01,-3.20e-02,3.04e+01,
1097,3.32e+01,-3.20e-02,3.04e+01,
1098,3.32e+01,-4.00e-02,3.00e+01,
1099,3.32e+01,-4.00e-02,3.00e+01,
1100,3.32e+01,-3.20e-02,3.00e+01,
1101,3.32e+01,-3.20e-02,3.00e+01,
1102,3.32e+01,-3.20e-02,3.00e+01,
1103,3.32e+01,-3.20e-02,3.00e+01,
1104,3.36e+01,-2.40e-02,3.00e+01,
1105,3.36e+01,-2.40e-02,3.00e+01,
1106,3.36e+01,-2.40e-02,2.92e+01,
1107,3.36e+01,-2.40e-02,2.92e+01,
1108,3.36e+01,-2.40e-02,2.88e+01,
1109,3.36e+01,-2.40e-02,2.88e+01,
1110,3.32e+01,-2.40e-02,2.80e+01,
1111,3.32e+01,-2.40e-02,2.80e+01,
1112,3.32e+01,-1.60e-02,2.80e+01,
1113,3.32e+01,-1.60e-02,2.80e+01,
1114,3.32e+01,-8.00e-03,2.80e+01,
1115,3.32e+01,-8.00e-03,2.80e+01,
1116,3.32e+01,-1.60e-02,2.72e+01,
1117,3.32e+01,-1.60e-02,2.72e+01,
1118,3.32e+01,-8.00e-03,2.72e+01,
1119,3.32e+01,-8.00e-03,2.72e+01,
1120,3.32e+01,0.00e+00,2.68e+01,
1121,3.32e+01,0.00e+00,2.68e+01,
1122,3.32e+01,0.00e+00,2.68e+01,
1123,3.32e+01,0.00e+00,2.68e+01,
1124,3.32e+01,0.00e+00,2.60e+01,
1125,3.32e+01,0.00e+00,2.60e+01,
1126,3.32e+01,0.00e+00,2.64e+01,
1127,3.32e+01,0.00e+00,2.64e+01,
1128,3.36e+01,8.00e-03,2.60e+01,
1129,3.36e+01,8.00e-03,2.60e+01,
1130,3.36e+01,8.00e-03,2.60e+01,
1131,3.36e+01,8.00e-03,2.60e+01,
1132,3.36e+01,0.00e+00,2.60e+01,
1133,3.36e+01,0.00e+00,2.60e+01,
1134,3.32e+01,0.00e+00,2.64e+01,
1135,3.32e+01,0.00e+00,2.64e+01,
1136,3.32e+01,0.00e+00,2.68e+01,
1137,3.32e+01,0.00e+00,2.68e+01,
1138,3.32e+01,0.00e+00,2.72e+01,
1139,3.32e+01,0.00e+00,2.72e+01,
1140,3.32e+01,0.00e+00,2.76e+01,
1141,3.32e+01,0.00e+00,2.76e+01,
1142,3.36e+01,-1.60e-02,2.80e+01,
1143,3.36e+01,-1.60e-02,2.80e+01,
1144,3.32e+01,-8.00e-03,2.80e+01,
1145,3.32e+01,-8.00e-03,2.80e+01,
1146,3.32e+01,-8.00e-03,2.88e+01,
1147,3.32e+01,-8.00e-03,2.88e+01,
1148,3.32e+01,-1.60e-02,2.88e+01,
1149,3.32e+01,-1.60e-02,2.88e+01,
1150,3.32e+01,-1.60e-02,2.92e+01,
1151,3.32e+01,-1.60e-02,2.92e+01,
1152,3.32e+01,-2.40e-02,2.92e+01,
1153,3.32e+01,-2.40e-02,2.92e+01,
1154,3.36e+01,-2.40e-02,2.96e+01,
1155,3.36e+01,-2.40e-02,2.96e+01,
1156,3.32e+01,-2.40e-02,2.96e+01,
1157,3.32e+01,-2.40e-02,2.96e+01,
1158,3.32e+01,-2.40e-02,2.96e+01,
1159,3.32e+01,-2.40e-02,2.96e+01,
1160,3.32e+01,-2.40e-02,2.96e+01,
1161,3.32e+01,-2.40e-02,2.96e+01,
1162,3.32e+01,-2.40e-02,3.00e+01,
1163,3.32e+01,-2.40e-02,3.00e+01,
1164,3.32e+01,-2.40e-02,2.96e+01,
1165,3.32e+01,-2.40e-02,2.96e+01,
1166,3.32e+01,-2.40e-02,3.00e+01,
1167,3.32e+01,-2.40e-02,3.00e+01,
1168,3.32e+01,-2.40e-02,3.00e+01,
1169,3.32e+01,-2.40e-02,3.00e+01,
1170,3.32e+01,-2.40e-02,2.92e+01,
1171,3.32e+01,-2.40e-02,2.92e+01,
1172,3.32e+01,-2.40e-02,2.84e+01,
1173,3.32e+01,-2.40e-02,2.84e+01,
1174,3.32e+01,-2.40e-02,2.84e+01,
1175,3.32e+01,-2.40e-02,2.84e+01,
1176,3.32e+01,-2.40e-02,2.88e+01,
1177,3.32e+01,-2.40e-02,2.88e+01,
1178,3.32e+01,-1.60e-02,2.80e+01,
1179,3.32e+01,-1.60e-02,2.80e+01,
1180,3.32e+01,-1.60e-02,2.76e+01,
1181,3.32e+01,-1.60e-02,2.76e+01,
1182,3.32e+01,-8.00e-03,2.68e+01,
1183,3.32e+01,-8.00e-03,2.68e+01,
1184,3.32e+01,-8.00e-03,2.68e+01,
1185,3.32e+01,-8.00e-03,2.68e+01,
1186,3.32e+01,-1.60e-02,2.68e+01,
1187,3.32e+01,-1.60e-02,2.68e+01,
1188,3.32e+01,0.00e+00,2.68e+01,
1189,3.32e+01,0.00e+00,2.68e+01,
1190,3.32e+01,0.00e+00,2.68e+01,
1191,3.32e+01,0.00e+00,2.68e+01,
1192,3.32e+01,0.00e+00,2.60e+01,
1193,3.32e+01,0.00e+00,2.60e+01,
1194,3.32e+01,0.00e+00,2.64e+01,
1195,3.32e+01,0.00e+00,2.64e+01,
1196,3.32e+01,0.00e+00,2.64e+01,
1197,3.32e+01,0.00e+00,2.64e+01,
1198,3.32e+01,0.00e+00,2.68e+01,
1199,3.32e+01,0.00e+00,2.68e+01,
