X,CH3,CH4,Start,Increment,
Sequence,Volt,Volt,7.228000e-05,2.000000e-08
0,-8.00e-03,1.76e+01,
1,-1.60e-02,1.68e+01,
2,-1.60e-02,1.68e+01,
3,-8.00e-03,1.76e+01,
4,-8.00e-03,1.76e+01,
5,-8.00e-03,1.68e+01,
6,-8.00e-03,1.76e+01,
7,-1.60e-02,1.68e+01,
8,-8.00e-03,1.76e+01,
9,-8.00e-03,1.68e+01,
10,-8.00e-03,1.76e+01,
11,-1.60e-02,1.68e+01,
12,-8.00e-03,1.68e+01,
13,-8.00e-03,1.76e+01,
14,-8.00e-03,1.76e+01,
15,-1.60e-02,1.68e+01,
16,-8.00e-03,1.76e+01,
17,-8.00e-03,1.68e+01,
18,-8.00e-03,1.68e+01,
19,-1.60e-02,1.76e+01,
20,-8.00e-03,1.76e+01,
21,-1.60e-02,1.68e+01,
22,-8.00e-03,1.76e+01,
23,-8.00e-03,1.68e+01,
24,-8.00e-03,1.68e+01,
25,-8.00e-03,1.76e+01,
26,-8.00e-03,1.68e+01,
27,-1.60e-02,1.76e+01,
28,-1.60e-02,1.68e+01,
29,-8.00e-03,1.76e+01,
30,-1.60e-02,1.76e+01,
31,-8.00e-03,1.68e+01,
32,-8.00e-03,1.76e+01,
33,-1.60e-02,1.68e+01,
34,-8.00e-03,1.76e+01,
35,-1.60e-02,1.68e+01,
36,-1.60e-02,1.68e+01,
37,3.20e-02,1.84e+01,
38,1.12e-01,1.84e+01,
39,-1.60e-02,4.80e+00,
40,-8.00e-03,4.00e+00,
41,8.80e-02,-8.00e-01,
42,6.40e-02,8.00e-01,
43,-1.60e-02,-8.00e-01,
44,0.00e+00,-8.00e-01,
45,4.80e-02,8.00e-01,
46,8.00e-03,8.00e-01,
47,4.00e-02,-8.00e-01,
48,4.00e-02,8.00e-01,
49,1.60e-02,0.00e+00,
50,1.60e-02,-8.00e-01,
51,3.20e-02,8.00e-01,
52,3.20e-02,-8.00e-01,
53,1.60e-02,8.00e-01,
54,2.40e-02,-8.00e-01,
55,3.20e-02,8.00e-01,
56,2.40e-02,8.00e-01,
57,3.20e-02,-8.00e-01,
58,2.40e-02,0.00e+00,
59,3.20e-02,8.00e-01,
60,2.40e-02,0.00e+00,
61,4.00e-02,8.00e-01,
62,4.00e-02,-8.00e-01,
63,2.40e-02,8.00e-01,
64,3.20e-02,0.00e+00,
65,4.00e-02,8.00e-01,
66,3.20e-02,8.00e-01,
67,4.00e-02,-8.00e-01,
68,3.20e-02,8.00e-01,
69,4.00e-02,0.00e+00,
70,3.20e-02,-8.00e-01,
71,4.80e-02,8.00e-01,
72,4.00e-02,-8.00e-01,
73,4.80e-02,8.00e-01,
74,4.80e-02,0.00e+00,
75,4.00e-02,8.00e-01,
76,4.80e-02,0.00e+00,
77,4.00e-02,8.00e-01,
78,4.00e-02,8.00e-01,
79,5.60e-02,0.00e+00,
80,5.60e-02,8.00e-01,
81,4.00e-02,0.00e+00,
82,5.60e-02,8.00e-01,
83,4.80e-02,0.00e+00,
84,5.60e-02,8.00e-01,
85,4.80e-02,0.00e+00,
86,4.80e-02,8.00e-01,
87,6.40e-02,0.00e+00,
88,6.40e-02,0.00e+00,
89,4.80e-02,8.00e-01,
90,6.40e-02,0.00e+00,
91,4.80e-02,8.00e-01,
92,6.40e-02,8.00e-01,
93,5.60e-02,0.00e+00,
94,6.40e-02,-8.00e-01,
95,5.60e-02,8.00e-01,
96,5.60e-02,8.00e-01,
97,7.20e-02,0.00e+00,
98,5.60e-02,8.00e-01,
99,7.20e-02,0.00e+00,
100,6.40e-02,0.00e+00,
101,7.20e-02,8.00e-01,
102,7.20e-02,8.00e-01,
103,6.40e-02,-8.00e-01,
104,6.40e-02,8.00e-01,
105,8.00e-02,0.00e+00,
106,8.00e-02,0.00e+00,
107,6.40e-02,8.00e-01,
108,8.00e-02,0.00e+00,
109,6.40e-02,8.00e-01,
110,8.00e-02,0.00e+00,
111,8.00e-02,8.00e-01,
112,8.00e-02,8.00e-01,
113,7.20e-02,0.00e+00,
114,8.00e-02,8.00e-01,
115,8.80e-02,0.00e+00,
116,8.80e-02,8.00e-01,
117,7.20e-02,0.00e+00,
118,8.00e-02,0.00e+00,
119,8.80e-02,8.00e-01,
120,8.80e-02,8.00e-01,
121,8.00e-02,0.00e+00,
122,8.80e-02,-8.00e-01,
123,8.00e-02,8.00e-01,
124,8.80e-02,0.00e+00,
125,9.60e-02,8.00e-01,
126,8.80e-02,0.00e+00,
127,1.04e-01,8.00e-01,
128,9.60e-02,0.00e+00,
129,8.80e-02,8.00e-01,
130,9.60e-02,0.00e+00,
131,9.60e-02,8.00e-01,
132,9.60e-02,0.00e+00,
133,1.04e-01,8.00e-01,
134,9.60e-02,0.00e+00,
135,1.04e-01,8.00e-01,
136,1.12e-01,0.00e+00,
137,9.60e-02,8.00e-01,
138,9.60e-02,0.00e+00,
139,1.12e-01,8.00e-01,
140,1.12e-01,8.00e-01,
141,9.60e-02,0.00e+00,
142,1.04e-01,8.00e-01,
143,1.20e-01,-8.00e-01,
144,1.12e-01,8.00e-01,
145,1.04e-01,0.00e+00,
146,1.04e-01,0.00e+00,
147,1.20e-01,8.00e-01,
148,1.20e-01,0.00e+00,
149,1.12e-01,8.00e-01,
150,1.12e-01,0.00e+00,
151,1.20e-01,8.00e-01,
152,1.12e-01,0.00e+00,
153,1.20e-01,8.00e-01,
154,1.12e-01,8.00e-01,
155,1.28e-01,0.00e+00,
156,1.12e-01,0.00e+00,
157,1.28e-01,8.00e-01,
158,1.28e-01,0.00e+00,
159,1.20e-01,8.00e-01,
160,1.28e-01,0.00e+00,
161,1.20e-01,8.00e-01,
162,1.28e-01,8.00e-01,
163,1.20e-01,-8.00e-01,
164,1.36e-01,0.00e+00,
165,1.20e-01,8.00e-01,
166,1.36e-01,0.00e+00,
167,1.20e-01,8.00e-01,
168,1.36e-01,8.00e-01,
169,1.28e-01,0.00e+00,
170,1.28e-01,8.00e-01,
171,1.36e-01,0.00e+00,
172,1.44e-01,0.00e+00,
173,1.28e-01,8.00e-01,
174,1.44e-01,0.00e+00,
175,1.28e-01,8.00e-01,
176,1.28e-01,8.00e-01,
177,1.44e-01,0.00e+00,
178,1.36e-01,0.00e+00,
179,1.44e-01,8.00e-01,
180,1.44e-01,8.00e-01,
181,1.36e-01,0.00e+00,
182,1.36e-01,8.00e-01,
183,1.52e-01,0.00e+00,
184,1.44e-01,8.00e-01,
185,1.52e-01,0.00e+00,
186,1.44e-01,0.00e+00,
187,1.52e-01,8.00e-01,
188,1.52e-01,0.00e+00,
189,1.44e-01,8.00e-01,
190,1.44e-01,0.00e+00,
191,1.60e-01,8.00e-01,
192,1.60e-01,0.00e+00,
193,1.44e-01,8.00e-01,
194,1.60e-01,0.00e+00,
195,1.44e-01,8.00e-01,
196,1.60e-01,8.00e-01,
197,1.52e-01,0.00e+00,
198,1.60e-01,8.00e-01,
199,1.52e-01,0.00e+00,
200,1.52e-01,8.00e-01,
201,1.68e-01,0.00e+00,
202,1.68e-01,8.00e-01,
203,1.52e-01,-8.00e-01,
204,1.68e-01,0.00e+00,
205,1.60e-01,8.00e-01,
206,1.68e-01,8.00e-01,
207,1.60e-01,0.00e+00,
208,1.68e-01,8.00e-01,
209,1.68e-01,0.00e+00,
210,1.76e-01,8.00e-01,
211,1.68e-01,0.00e+00,
212,1.76e-01,8.00e-01,
213,1.68e-01,0.00e+00,
214,1.76e-01,0.00e+00,
215,1.68e-01,8.00e-01,
216,1.76e-01,8.00e-01,
217,1.76e-01,0.00e+00,
218,1.76e-01,0.00e+00,
219,1.68e-01,8.00e-01,
220,1.76e-01,8.00e-01,
221,1.92e-01,0.00e+00,
222,1.84e-01,8.00e-01,
223,1.76e-01,-8.00e-01,
224,1.84e-01,8.00e-01,
225,1.92e-01,0.00e+00,
226,1.84e-01,0.00e+00,
227,1.92e-01,8.00e-01,
228,1.84e-01,0.00e+00,
229,1.92e-01,8.00e-01,
230,1.84e-01,0.00e+00,
231,1.92e-01,8.00e-01,
232,1.92e-01,8.00e-01,
233,1.84e-01,0.00e+00,
234,1.92e-01,8.00e-01,
235,1.92e-01,0.00e+00,
236,1.92e-01,0.00e+00,
237,2.00e-01,8.00e-01,
238,1.92e-01,0.00e+00,
239,2.00e-01,8.00e-01,
240,1.92e-01,0.00e+00,
241,2.08e-01,8.00e-01,
242,1.92e-01,8.00e-01,
243,2.08e-01,0.00e+00,
244,2.08e-01,0.00e+00,
245,2.00e-01,8.00e-01,
246,2.00e-01,0.00e+00,
247,2.08e-01,8.00e-01,
248,2.00e-01,8.00e-01,
249,2.16e-01,0.00e+00,
250,2.00e-01,8.00e-01,
251,2.16e-01,0.00e+00,
252,2.00e-01,8.00e-01,
253,2.16e-01,0.00e+00,
254,2.08e-01,8.00e-01,
255,2.16e-01,0.00e+00,
256,2.08e-01,0.00e+00,
257,2.24e-01,8.00e-01,
258,2.08e-01,8.00e-01,
259,2.24e-01,0.00e+00,
260,2.24e-01,0.00e+00,
261,2.08e-01,8.00e-01,
262,2.24e-01,8.00e-01,
263,2.16e-01,-8.00e-01,
264,2.16e-01,0.00e+00,
265,2.24e-01,8.00e-01,
266,2.16e-01,8.00e-01,
267,2.32e-01,0.00e+00,
268,2.32e-01,8.00e-01,
269,2.16e-01,0.00e+00,
270,2.32e-01,8.00e-01,
271,2.16e-01,0.00e+00,
272,2.32e-01,8.00e-01,
273,2.24e-01,0.00e+00,
274,2.24e-01,8.00e-01,
275,2.32e-01,0.00e+00,
276,2.24e-01,0.00e+00,
277,2.40e-01,8.00e-01,
278,2.40e-01,8.00e-01,
279,2.24e-01,0.00e+00,
280,2.24e-01,8.00e-01,
281,2.40e-01,0.00e+00,
282,2.40e-01,0.00e+00,
283,2.32e-01,8.00e-01,
284,2.32e-01,0.00e+00,
285,2.40e-01,8.00e-01,
286,2.32e-01,8.00e-01,
287,2.48e-01,0.00e+00,
288,2.48e-01,0.00e+00,
289,2.32e-01,8.00e-01,
290,2.48e-01,8.00e-01,
291,2.40e-01,0.00e+00,
292,2.48e-01,0.00e+00,
293,2.40e-01,8.00e-01,
294,2.40e-01,0.00e+00,
295,2.56e-01,8.00e-01,
296,2.56e-01,8.00e-01,
297,2.40e-01,0.00e+00,
298,2.56e-01,0.00e+00,
299,2.40e-01,8.00e-01,
300,2.56e-01,0.00e+00,
301,2.48e-01,8.00e-01,
302,2.56e-01,8.00e-01,
303,2.56e-01,0.00e+00,
304,2.56e-01,0.00e+00,
305,2.64e-01,8.00e-01,
306,2.56e-01,8.00e-01,
307,2.64e-01,0.00e+00,
308,2.64e-01,0.00e+00,
309,2.56e-01,8.00e-01,
310,2.64e-01,8.00e-01,
311,2.64e-01,0.00e+00,
312,2.64e-01,8.00e-01,
313,2.72e-01,0.00e+00,
314,2.64e-01,8.00e-01,
315,2.72e-01,0.00e+00,
316,2.72e-01,8.00e-01,
317,2.64e-01,0.00e+00,
318,2.64e-01,0.00e+00,
319,2.80e-01,8.00e-01,
320,2.72e-01,0.00e+00,
321,2.80e-01,8.00e-01,
322,2.72e-01,0.00e+00,
323,2.80e-01,1.60e+00,
324,2.72e-01,8.00e-01,
325,2.80e-01,0.00e+00,
326,2.72e-01,8.00e-01,
327,2.88e-01,0.00e+00,
328,2.72e-01,8.00e-01,
329,2.88e-01,0.00e+00,
330,2.80e-01,0.00e+00,
331,2.88e-01,8.00e-01,
332,2.88e-01,0.00e+00,
333,2.80e-01,8.00e-01,
334,2.80e-01,0.00e+00,
335,2.88e-01,8.00e-01,
336,2.80e-01,0.00e+00,
337,2.96e-01,8.00e-01,
338,2.88e-01,0.00e+00,
339,2.96e-01,8.00e-01,
340,2.96e-01,0.00e+00,
341,2.88e-01,8.00e-01,
342,2.88e-01,0.00e+00,
343,2.96e-01,8.00e-01,
344,2.88e-01,0.00e+00,
345,3.04e-01,8.00e-01,
346,3.04e-01,0.00e+00,
347,2.88e-01,8.00e-01,
348,3.04e-01,8.00e-01,
349,2.96e-01,0.00e+00,
350,2.96e-01,0.00e+00,
351,3.04e-01,8.00e-01,
352,3.04e-01,0.00e+00,
353,2.24e-01,8.00e-01,
354,2.80e-01,0.00e+00,
355,2.96e-01,8.00e-01,
356,2.88e-01,0.00e+00,
357,3.04e-01,8.00e-01,
358,3.04e-01,0.00e+00,
359,2.96e-01,1.60e+00,
360,2.96e-01,0.00e+00,
361,3.12e-01,1.60e+00,
362,2.96e-01,0.00e+00,
363,3.12e-01,1.60e+00,
364,3.12e-01,8.00e-01,
365,2.96e-01,4.00e+00,
366,3.04e-01,3.20e+00,
367,2.88e-01,6.40e+00,
368,3.04e-01,6.40e+00,
369,2.80e-01,1.36e+01,
370,2.80e-01,1.36e+01,
371,6.40e-02,4.00e+01,
372,6.40e-02,4.32e+01,
373,-4.56e-01,7.04e+01,
374,-2.32e-01,5.28e+01,
375,1.36e-01,1.60e+01,
376,8.00e-03,2.56e+01,
377,-1.12e-01,3.76e+01,
378,3.20e-02,2.40e+01,
379,-4.00e-02,3.20e+01,
380,-3.20e-02,3.12e+01,
381,0.00e+00,2.80e+01,
382,-8.00e-03,2.72e+01,
383,-2.40e-02,3.04e+01,
384,-8.00e-03,2.80e+01,
385,-2.40e-02,2.96e+01,
386,-2.40e-02,2.88e+01,
387,-8.00e-03,2.80e+01,
388,-8.00e-03,2.88e+01,
389,-1.60e-02,2.96e+01,
390,-1.60e-02,2.88e+01,
391,-8.00e-03,2.88e+01,
392,-8.00e-03,2.88e+01,
393,-1.60e-02,2.96e+01,
394,-8.00e-03,2.88e+01,
395,-8.00e-03,2.96e+01,
396,-8.00e-03,2.88e+01,
397,-1.60e-02,2.88e+01,
398,-8.00e-03,2.80e+01,
399,-1.60e-02,2.96e+01,
400,-8.00e-03,2.80e+01,
401,-8.00e-03,2.88e+01,
402,-8.00e-03,2.88e+01,
403,-1.60e-02,2.80e+01,
404,-1.60e-02,2.88e+01,
405,-8.00e-03,2.80e+01,
406,-8.00e-03,2.80e+01,
407,-1.60e-02,2.96e+01,
408,-8.00e-03,2.88e+01,
409,-1.60e-02,2.80e+01,
410,-1.60e-02,2.88e+01,
411,-8.00e-03,2.80e+01,
412,-8.00e-03,2.80e+01,
413,-8.00e-03,2.96e+01,
414,-8.00e-03,2.80e+01,
415,-8.00e-03,2.88e+01,
416,-8.00e-03,2.80e+01,
417,-1.60e-02,2.96e+01,
418,-8.00e-03,2.80e+01,
419,-1.60e-02,2.96e+01,
420,-8.00e-03,2.88e+01,
421,-8.00e-03,2.80e+01,
422,-8.00e-03,2.88e+01,
423,-8.00e-03,2.80e+01,
424,-8.00e-03,2.80e+01,
425,-1.60e-02,2.96e+01,
426,-8.00e-03,2.96e+01,
427,-1.60e-02,2.80e+01,
428,-8.00e-03,2.88e+01,
429,-1.60e-02,2.96e+01,
430,-8.00e-03,2.80e+01,
431,-1.60e-02,2.88e+01,
432,-8.00e-03,2.96e+01,
433,-8.00e-03,2.80e+01,
434,-8.00e-03,2.88e+01,
435,-1.60e-02,2.96e+01,
436,-8.00e-03,2.88e+01,
437,-1.60e-02,2.96e+01,
438,-1.60e-02,2.88e+01,
439,-8.00e-03,2.96e+01,
440,-8.00e-03,2.88e+01,
441,-8.00e-03,2.80e+01,
442,-8.00e-03,2.88e+01,
443,-8.00e-03,2.80e+01,
444,-8.00e-03,2.88e+01,
445,-1.60e-02,2.88e+01,
446,-8.00e-03,2.88e+01,
447,-1.60e-02,2.96e+01,
448,-8.00e-03,2.88e+01,
449,-1.60e-02,2.88e+01,
450,-8.00e-03,2.88e+01,
451,-8.00e-03,2.88e+01,
452,-8.00e-03,2.88e+01,
453,-1.60e-02,2.96e+01,
454,-8.00e-03,2.88e+01,
455,-1.60e-02,2.96e+01,
456,0.00e+00,2.88e+01,
457,-1.60e-02,2.88e+01,
458,-8.00e-03,2.88e+01,
459,-1.60e-02,2.96e+01,
460,-1.60e-02,2.88e+01,
461,-8.00e-03,2.80e+01,
462,-8.00e-03,2.88e+01,
463,-1.60e-02,2.80e+01,
464,-8.00e-03,2.88e+01,
465,-1.60e-02,2.96e+01,
466,-8.00e-03,2.88e+01,
467,-1.60e-02,2.88e+01,
468,-8.00e-03,2.88e+01,
469,-8.00e-03,2.96e+01,
470,-8.00e-03,2.88e+01,
471,-1.60e-02,2.88e+01,
472,-1.60e-02,2.88e+01,
473,-8.00e-03,2.88e+01,
474,-8.00e-03,2.88e+01,
475,-1.60e-02,2.88e+01,
476,-8.00e-03,2.88e+01,
477,-1.60e-02,2.96e+01,
478,-8.00e-03,2.88e+01,
479,-8.00e-03,2.88e+01,
480,-8.00e-03,2.88e+01,
481,-1.60e-02,2.88e+01,
482,-8.00e-03,2.96e+01,
483,-1.60e-02,2.80e+01,
484,-8.00e-03,2.88e+01,
485,-1.60e-02,2.96e+01,
486,-8.00e-03,2.88e+01,
487,-8.00e-03,2.96e+01,
488,-1.60e-02,2.96e+01,
489,-8.00e-03,2.88e+01,
490,-8.00e-03,2.88e+01,
491,-1.60e-02,2.96e+01,
492,-8.00e-03,2.88e+01,
493,-1.60e-02,2.88e+01,
494,-8.00e-03,2.88e+01,
495,-1.60e-02,2.96e+01,
496,-8.00e-03,2.88e+01,
497,-1.60e-02,2.96e+01,
498,-8.00e-03,2.88e+01,
499,-1.60e-02,2.88e+01,
500,-8.00e-03,2.88e+01,
501,-8.00e-03,2.96e+01,
502,-8.00e-03,2.88e+01,
503,-1.60e-02,2.72e+01,
504,-8.00e-03,2.88e+01,
505,-8.00e-03,2.88e+01,
506,-8.00e-03,2.88e+01,
507,-1.60e-02,2.88e+01,
508,-8.00e-03,2.88e+01,
509,-1.60e-02,2.96e+01,
510,-8.00e-03,2.88e+01,
511,-1.60e-02,2.88e+01,
512,-8.00e-03,2.88e+01,
513,-1.60e-02,2.88e+01,
514,-1.60e-02,2.88e+01,
515,-8.00e-03,2.96e+01,
516,-8.00e-03,2.88e+01,
517,-8.00e-03,2.88e+01,
518,-8.00e-03,2.88e+01,
519,-8.00e-03,2.96e+01,
520,-1.60e-02,2.88e+01,
521,-8.00e-03,2.96e+01,
522,-8.00e-03,2.96e+01,
523,-8.00e-03,2.88e+01,
524,-8.00e-03,2.88e+01,
525,-8.00e-03,2.88e+01,
526,-8.00e-03,2.88e+01,
527,-1.60e-02,2.96e+01,
528,-8.00e-03,2.88e+01,
529,-1.60e-02,2.96e+01,
530,-8.00e-03,2.88e+01,
531,-1.60e-02,2.96e+01,
532,-8.00e-03,2.96e+01,
533,-1.60e-02,2.88e+01,
534,-8.00e-03,2.88e+01,
535,-8.00e-03,2.96e+01,
536,-8.00e-03,2.88e+01,
537,-8.00e-03,2.96e+01,
538,-1.60e-02,2.88e+01,
539,-8.00e-03,2.96e+01,
540,-1.60e-02,2.88e+01,
541,-8.00e-03,2.96e+01,
542,-8.00e-03,2.88e+01,
543,-8.00e-03,2.88e+01,
544,-8.00e-03,2.88e+01,
545,-8.00e-03,2.88e+01,
546,-8.00e-03,2.88e+01,
547,-1.60e-02,2.88e+01,
548,-8.00e-03,2.88e+01,
549,-1.60e-02,2.96e+01,
550,-8.00e-03,2.88e+01,
551,-1.60e-02,2.88e+01,
552,-8.00e-03,2.88e+01,
553,-8.00e-03,2.88e+01,
554,-8.00e-03,2.88e+01,
555,-1.60e-02,2.96e+01,
556,-8.00e-03,2.88e+01,
557,-1.60e-02,2.96e+01,
558,-8.00e-03,2.88e+01,
559,-1.60e-02,2.88e+01,
560,-8.00e-03,2.88e+01,
561,-8.00e-03,2.96e+01,
562,-1.60e-02,2.88e+01,
563,-8.00e-03,2.88e+01,
564,-8.00e-03,2.88e+01,
565,-1.60e-02,2.88e+01,
566,-8.00e-03,2.88e+01,
567,-1.60e-02,2.96e+01,
568,-8.00e-03,2.96e+01,
569,-1.60e-02,2.88e+01,
570,-1.60e-02,2.88e+01,
571,-8.00e-03,2.88e+01,
572,-8.00e-03,2.88e+01,
573,-1.60e-02,2.96e+01,
574,-8.00e-03,2.88e+01,
575,-1.60e-02,2.88e+01,
576,-8.00e-03,2.88e+01,
577,-1.60e-02,2.88e+01,
578,-1.60e-02,2.88e+01,
579,-8.00e-03,2.96e+01,
580,-8.00e-03,2.88e+01,
581,-1.60e-02,2.88e+01,
582,-8.00e-03,2.88e+01,
583,-1.60e-02,2.88e+01,
584,-8.00e-03,2.88e+01,
585,-1.60e-02,2.96e+01,
586,-8.00e-03,2.88e+01,
587,-1.60e-02,2.96e+01,
588,-8.00e-03,2.88e+01,
589,-8.00e-03,2.96e+01,
590,-8.00e-03,2.88e+01,
591,-1.60e-02,2.96e+01,
592,-8.00e-03,2.88e+01,
593,-1.60e-02,2.96e+01,
594,-8.00e-03,2.88e+01,
595,-1.60e-02,2.88e+01,
596,-8.00e-03,2.88e+01,
597,-1.60e-02,2.96e+01,
598,-1.60e-02,2.88e+01,
599,-8.00e-03,2.88e+01,
600,-8.00e-03,2.88e+01,
601,-1.60e-02,2.96e+01,
602,-8.00e-03,2.88e+01,
603,-1.60e-02,2.88e+01,
604,-8.00e-03,2.88e+01,
605,-1.60e-02,2.96e+01,
606,-8.00e-03,2.88e+01,
607,-1.60e-02,2.96e+01,
608,-8.00e-03,2.88e+01,
609,-1.60e-02,2.88e+01,
610,-8.00e-03,2.88e+01,
611,-1.60e-02,2.96e+01,
612,-1.60e-02,2.88e+01,
613,-8.00e-03,2.88e+01,
614,-8.00e-03,2.88e+01,
615,-1.60e-02,2.88e+01,
616,-8.00e-03,2.88e+01,
617,-1.60e-02,2.88e+01,
618,-8.00e-03,2.88e+01,
619,-8.00e-03,2.96e+01,
620,-8.00e-03,2.88e+01,
621,-8.00e-03,2.88e+01,
622,-8.00e-03,2.88e+01,
623,-1.60e-02,2.88e+01,
624,-8.00e-03,2.88e+01,
625,-8.00e-03,2.96e+01,
626,-8.00e-03,2.88e+01,
627,-8.00e-03,2.88e+01,
628,-8.00e-03,2.88e+01,
629,-1.60e-02,2.96e+01,
630,-8.00e-03,2.88e+01,
631,-1.60e-02,2.96e+01,
632,-8.00e-03,2.88e+01,
633,-1.60e-02,2.96e+01,
634,-8.00e-03,2.88e+01,
635,-1.60e-02,2.88e+01,
636,-8.00e-03,2.88e+01,
637,-8.00e-03,2.96e+01,
638,-8.00e-03,2.88e+01,
639,-8.00e-03,2.96e+01,
640,-8.00e-03,2.88e+01,
641,-1.60e-02,2.96e+01,
642,-8.00e-03,2.88e+01,
643,-1.60e-02,2.88e+01,
644,-8.00e-03,2.88e+01,
645,-8.00e-03,2.96e+01,
646,-8.00e-03,2.88e+01,
647,-8.00e-03,2.96e+01,
648,-8.00e-03,2.88e+01,
649,-1.60e-02,2.96e+01,
650,-1.60e-02,2.88e+01,
651,-8.00e-03,2.96e+01,
652,-8.00e-03,2.88e+01,
653,-1.60e-02,2.88e+01,
654,-8.00e-03,2.88e+01,
655,-1.60e-02,2.88e+01,
656,-8.00e-03,2.88e+01,
657,-1.60e-02,2.88e+01,
658,-8.00e-03,2.88e+01,
659,-1.60e-02,2.96e+01,
660,-8.00e-03,2.88e+01,
661,-8.00e-03,2.88e+01,
662,-8.00e-03,2.88e+01,
663,-1.60e-02,2.88e+01,
664,-8.00e-03,2.88e+01,
665,-1.60e-02,2.96e+01,
666,-8.00e-03,2.88e+01,
667,-1.60e-02,2.96e+01,
668,-8.00e-03,2.88e+01,
669,-1.60e-02,2.88e+01,
670,-8.00e-03,2.88e+01,
671,-1.60e-02,2.96e+01,
672,-8.00e-03,2.88e+01,
673,-1.60e-02,2.88e+01,
674,-8.00e-03,2.88e+01,
675,-1.60e-02,2.88e+01,
676,-8.00e-03,2.88e+01,
677,-1.60e-02,2.96e+01,
678,-8.00e-03,2.88e+01,
679,-1.60e-02,2.88e+01,
680,-8.00e-03,2.88e+01,
681,-1.60e-02,2.88e+01,
682,-8.00e-03,2.96e+01,
683,-1.60e-02,2.88e+01,
684,-8.00e-03,2.88e+01,
685,-1.60e-02,2.88e+01,
686,-8.00e-03,2.88e+01,
687,-1.60e-02,2.88e+01,
688,-8.00e-03,2.88e+01,
689,-1.60e-02,2.96e+01,
690,-8.00e-03,2.88e+01,
691,-8.00e-03,2.88e+01,
692,-8.00e-03,2.88e+01,
693,-1.60e-02,2.88e+01,
694,-8.00e-03,2.88e+01,
695,-1.60e-02,2.96e+01,
696,-8.00e-03,2.88e+01,
697,-1.60e-02,2.96e+01,
698,-1.60e-02,2.88e+01,
699,-8.00e-03,2.96e+01,
700,-8.00e-03,2.88e+01,
701,-1.60e-02,2.96e+01,
702,-8.00e-03,2.88e+01,
703,-1.60e-02,2.96e+01,
704,-8.00e-03,2.88e+01,
705,-1.60e-02,2.88e+01,
706,-8.00e-03,2.88e+01,
707,-1.60e-02,2.96e+01,
708,-8.00e-03,2.88e+01,
709,-1.60e-02,2.88e+01,
710,-8.00e-03,2.88e+01,
711,-1.60e-02,2.96e+01,
712,-8.00e-03,2.88e+01,
713,-1.60e-02,2.96e+01,
714,-8.00e-03,2.88e+01,
715,-1.60e-02,2.88e+01,
716,-8.00e-03,2.88e+01,
717,-1.60e-02,2.88e+01,
718,-8.00e-03,2.88e+01,
719,-1.60e-02,2.88e+01,
720,-8.00e-03,2.88e+01,
721,-8.00e-03,2.96e+01,
722,-8.00e-03,2.88e+01,
723,-8.00e-03,2.88e+01,
724,-8.00e-03,2.88e+01,
725,-1.60e-02,2.88e+01,
726,-8.00e-03,2.88e+01,
727,-1.60e-02,2.96e+01,
728,-8.00e-03,2.88e+01,
729,-8.00e-03,2.88e+01,
730,-8.00e-03,2.88e+01,
731,-1.60e-02,2.96e+01,
732,-8.00e-03,2.88e+01,
733,-1.60e-02,2.88e+01,
734,-8.00e-03,2.96e+01,
735,-1.60e-02,2.88e+01,
736,-8.00e-03,2.88e+01,
737,-1.60e-02,2.88e+01,
738,-1.60e-02,2.88e+01,
739,-8.00e-03,2.96e+01,
740,-8.00e-03,2.88e+01,
741,-8.00e-03,2.96e+01,
742,-8.00e-03,2.88e+01,
743,-1.60e-02,2.96e+01,
744,-8.00e-03,2.88e+01,
745,-1.60e-02,2.96e+01,
746,-8.00e-03,2.88e+01,
747,-8.00e-03,2.96e+01,
748,-8.00e-03,2.96e+01,
749,-8.00e-03,2.88e+01,
750,-8.00e-03,2.96e+01,
751,-1.60e-02,2.88e+01,
752,-8.00e-03,2.88e+01,
753,-1.60e-02,2.96e+01,
754,-8.00e-03,2.88e+01,
755,-1.60e-02,2.88e+01,
756,-8.00e-03,2.88e+01,
757,-1.60e-02,2.88e+01,
758,-8.00e-03,2.88e+01,
759,-1.60e-02,2.88e+01,
760,-1.60e-02,2.88e+01,
761,-8.00e-03,2.96e+01,
762,-8.00e-03,2.88e+01,
763,-8.00e-03,2.88e+01,
764,-8.00e-03,2.88e+01,
765,-1.60e-02,2.88e+01,
766,-8.00e-03,2.88e+01,
767,-1.60e-02,2.96e+01,
768,-8.00e-03,2.88e+01,
769,-1.60e-02,2.96e+01,
770,-8.00e-03,2.88e+01,
771,-1.60e-02,2.88e+01,
772,-8.00e-03,2.88e+01,
773,-1.60e-02,2.96e+01,
774,-8.00e-03,2.88e+01,
775,-1.60e-02,2.88e+01,
776,-8.00e-03,2.88e+01,
777,-1.60e-02,2.88e+01,
778,-8.00e-03,2.88e+01,
779,-1.60e-02,2.96e+01,
780,-8.00e-03,2.96e+01,
781,-8.00e-03,2.88e+01,
782,-1.60e-02,2.88e+01,
783,-8.00e-03,2.88e+01,
784,-1.60e-02,2.88e+01,
785,-8.00e-03,2.96e+01,
786,-8.00e-03,2.88e+01,
787,-8.00e-03,2.88e+01,
788,-8.00e-03,2.88e+01,
789,-1.60e-02,2.88e+01,
790,-8.00e-03,2.88e+01,
791,-1.60e-02,2.96e+01,
792,-8.00e-03,2.88e+01,
793,-8.00e-03,2.88e+01,
794,-8.00e-03,2.88e+01,
795,-1.60e-02,2.88e+01,
796,-8.00e-03,2.88e+01,
797,-1.60e-02,2.96e+01,
798,-8.00e-03,2.88e+01,
799,-1.60e-02,2.96e+01,
800,-8.00e-03,2.88e+01,
801,-1.60e-02,2.96e+01,
802,-8.00e-03,2.88e+01,
803,-1.60e-02,2.96e+01,
804,-8.00e-03,2.88e+01,
805,-1.60e-02,2.96e+01,
806,-8.00e-03,2.88e+01,
807,-1.60e-02,2.88e+01,
808,-8.00e-03,2.88e+01,
809,-8.00e-03,2.96e+01,
810,-8.00e-03,2.88e+01,
811,-1.60e-02,2.88e+01,
812,-8.00e-03,2.88e+01,
813,-1.60e-02,2.96e+01,
814,-1.60e-02,2.88e+01,
815,-8.00e-03,2.96e+01,
816,-8.00e-03,2.88e+01,
817,-1.60e-02,2.88e+01,
818,-8.00e-03,2.88e+01,
819,-1.60e-02,2.88e+01,
820,-8.00e-03,2.88e+01,
821,-1.60e-02,2.88e+01,
822,-8.00e-03,2.88e+01,
823,-1.60e-02,2.80e+01,
824,-8.00e-03,2.88e+01,
825,-1.60e-02,2.96e+01,
826,-8.00e-03,2.88e+01,
827,-1.60e-02,2.88e+01,
828,-8.00e-03,2.88e+01,
829,-1.60e-02,2.96e+01,
830,-8.00e-03,2.88e+01,
831,-8.00e-03,2.88e+01,
832,-8.00e-03,2.88e+01,
833,-8.00e-03,2.96e+01,
834,-8.00e-03,2.88e+01,
835,-1.60e-02,2.88e+01,
836,-1.60e-02,2.88e+01,
837,-8.00e-03,2.96e+01,
838,-8.00e-03,2.88e+01,
839,-8.00e-03,2.96e+01,
840,-8.00e-03,2.80e+01,
841,-1.60e-02,2.96e+01,
842,-8.00e-03,2.80e+01,
843,-1.60e-02,2.96e+01,
844,-8.00e-03,2.88e+01,
845,-1.60e-02,2.96e+01,
846,-8.00e-03,2.80e+01,
847,-1.60e-02,2.96e+01,
848,-8.00e-03,2.88e+01,
849,-8.00e-03,2.96e+01,
850,-8.00e-03,2.96e+01,
851,-8.00e-03,2.88e+01,
852,-8.00e-03,2.96e+01,
853,-1.60e-02,2.80e+01,
854,-8.00e-03,2.88e+01,
855,-1.60e-02,2.96e+01,
856,-8.00e-03,2.88e+01,
857,-8.00e-03,2.80e+01,
858,-8.00e-03,2.80e+01,
859,-8.00e-03,2.88e+01,
860,-8.00e-03,2.80e+01,
861,-1.60e-02,2.88e+01,
862,-8.00e-03,2.72e+01,
863,-1.60e-02,2.96e+01,
864,-8.00e-03,2.80e+01,
865,-1.60e-02,2.88e+01,
866,-8.00e-03,2.80e+01,
867,-1.60e-02,2.88e+01,
868,-8.00e-03,2.80e+01,
869,-1.60e-02,2.96e+01,
870,-1.60e-02,2.80e+01,
871,-8.00e-03,2.96e+01,
872,-8.00e-03,2.80e+01,
873,-8.00e-03,2.88e+01,
874,-8.00e-03,2.80e+01,
875,-1.60e-02,2.96e+01,
876,-8.00e-03,2.80e+01,
877,-1.60e-02,2.96e+01,
878,-8.00e-03,2.80e+01,
879,-1.60e-02,2.88e+01,
880,-8.00e-03,2.88e+01,
881,-1.60e-02,2.72e+01,
882,-8.00e-03,2.80e+01,
883,-1.60e-02,2.64e+01,
884,-8.00e-03,2.72e+01,
885,-1.60e-02,2.56e+01,
886,-8.00e-03,2.56e+01,
887,-1.60e-02,2.40e+01,
888,-8.00e-03,2.48e+01,
889,-1.60e-02,2.32e+01,
890,-8.00e-03,2.40e+01,
891,-1.60e-02,2.24e+01,
892,-1.60e-02,2.32e+01,
893,-8.00e-03,2.16e+01,
894,-8.00e-03,2.16e+01,
895,-1.60e-02,2.24e+01,
896,-8.00e-03,2.08e+01,
897,-8.00e-03,2.16e+01,
898,-1.60e-02,2.08e+01,
899,-8.00e-03,2.00e+01,
900,-8.00e-03,2.08e+01,
901,-1.60e-02,1.92e+01,
902,-8.00e-03,2.00e+01,
903,-8.00e-03,1.92e+01,
904,-8.00e-03,1.92e+01,
905,-1.60e-02,1.84e+01,
906,-8.00e-03,1.92e+01,
907,-1.60e-02,1.84e+01,
908,-8.00e-03,1.92e+01,
909,-1.60e-02,1.76e+01,
910,-8.00e-03,1.92e+01,
911,-1.60e-02,1.76e+01,
912,-8.00e-03,1.84e+01,
913,-1.60e-02,1.76e+01,
914,-8.00e-03,1.76e+01,
915,-1.60e-02,1.84e+01,
916,-8.00e-03,1.84e+01,
917,-1.60e-02,1.76e+01,
918,-8.00e-03,1.84e+01,
919,-1.60e-02,1.68e+01,
920,-8.00e-03,1.68e+01,
921,-1.60e-02,1.84e+01,
922,-8.00e-03,1.68e+01,
923,-1.60e-02,1.84e+01,
924,-8.00e-03,1.76e+01,
925,-8.00e-03,1.68e+01,
926,-8.00e-03,1.76e+01,
927,-1.60e-02,1.68e+01,
928,-8.00e-03,1.76e+01,
929,-1.60e-02,1.68e+01,
930,-8.00e-03,1.76e+01,
931,-1.60e-02,1.68e+01,
932,-8.00e-03,1.76e+01,
933,-8.00e-03,1.68e+01,
934,-8.00e-03,1.68e+01,
935,-8.00e-03,1.76e+01,
936,-8.00e-03,1.68e+01,
937,-1.60e-02,1.76e+01,
938,-8.00e-03,1.76e+01,
939,-1.60e-02,1.68e+01,
940,-8.00e-03,1.68e+01,
941,-8.00e-03,1.76e+01,
942,-8.00e-03,1.68e+01,
943,-1.60e-02,1.76e+01,
944,-8.00e-03,1.76e+01,
945,-8.00e-03,1.68e+01,
946,-1.60e-02,1.68e+01,
947,-8.00e-03,1.76e+01,
948,-8.00e-03,1.68e+01,
949,-8.00e-03,1.76e+01,
950,-1.60e-02,1.76e+01,
951,-8.00e-03,1.68e+01,
952,-8.00e-03,1.76e+01,
953,-8.00e-03,1.68e+01,
954,-8.00e-03,1.68e+01,
955,-1.60e-02,1.76e+01,
956,-8.00e-03,1.76e+01,
957,-1.60e-02,1.68e+01,
958,-8.00e-03,1.68e+01,
959,-8.00e-03,1.76e+01,
960,-8.00e-03,1.68e+01,
961,-8.00e-03,1.76e+01,
962,-8.00e-03,1.60e+01,
963,-1.60e-02,1.76e+01,
964,-1.60e-02,1.68e+01,
965,-8.00e-03,1.76e+01,
966,-1.60e-02,1.76e+01,
967,-8.00e-03,1.68e+01,
968,-8.00e-03,1.76e+01,
969,-1.60e-02,1.68e+01,
970,-8.00e-03,1.68e+01,
971,-1.60e-02,1.76e+01,
972,-8.00e-03,1.76e+01,
973,-1.60e-02,1.68e+01,
974,-8.00e-03,1.76e+01,
975,-8.00e-03,1.68e+01,
976,-8.00e-03,1.68e+01,
977,-1.60e-02,1.76e+01,
978,-8.00e-03,1.76e+01,
979,-1.60e-02,1.68e+01,
980,-8.00e-03,1.68e+01,
981,-1.60e-02,1.76e+01,
982,-8.00e-03,1.76e+01,
983,-1.60e-02,1.68e+01,
984,-8.00e-03,1.76e+01,
985,-1.60e-02,1.68e+01,
986,-8.00e-03,1.68e+01,
987,-1.60e-02,1.76e+01,
988,-8.00e-03,1.76e+01,
989,-1.60e-02,1.68e+01,
990,-8.00e-03,1.68e+01,
991,-1.60e-02,1.76e+01,
992,-8.00e-03,1.68e+01,
993,-8.00e-03,1.76e+01,
994,-8.00e-03,1.76e+01,
995,-1.60e-02,1.68e+01,
996,-1.60e-02,1.76e+01,
997,-8.00e-03,1.68e+01,
998,-8.00e-03,1.68e+01,
999,-8.00e-03,1.76e+01,
1000,-8.00e-03,1.68e+01,
1001,-1.60e-02,1.76e+01,
1002,-1.60e-02,1.68e+01,
1003,-8.00e-03,1.76e+01,
1004,-8.00e-03,1.68e+01,
1005,-8.00e-03,1.76e+01,
1006,-8.00e-03,1.76e+01,
1007,-1.60e-02,1.68e+01,
1008,-8.00e-03,1.76e+01,
1009,-1.60e-02,1.68e+01,
1010,-8.00e-03,1.76e+01,
1011,-1.60e-02,1.68e+01,
1012,-8.00e-03,1.76e+01,
1013,-1.60e-02,1.68e+01,
1014,-8.00e-03,1.68e+01,
1015,-1.60e-02,1.76e+01,
1016,-8.00e-03,1.76e+01,
1017,-1.60e-02,1.68e+01,
1018,-8.00e-03,1.68e+01,
1019,-1.60e-02,1.76e+01,
1020,-8.00e-03,1.68e+01,
1021,-1.60e-02,1.76e+01,
1022,-8.00e-03,1.76e+01,
1023,-1.60e-02,1.68e+01,
1024,-8.00e-03,1.76e+01,
1025,-1.60e-02,1.68e+01,
1026,-8.00e-03,1.76e+01,
1027,-1.60e-02,1.68e+01,
1028,-8.00e-03,1.68e+01,
1029,-1.60e-02,1.76e+01,
1030,-8.00e-03,1.68e+01,
1031,-1.60e-02,1.76e+01,
1032,-1.60e-02,1.68e+01,
1033,3.20e-02,1.84e+01,
1034,1.60e-02,1.84e+01,
1035,1.04e-01,7.20e+00,
1036,-1.60e-02,5.60e+00,
1037,8.80e-02,-8.00e-01,
1038,5.60e-02,-8.00e-01,
1039,0.00e+00,8.00e-01,
1040,4.00e-02,8.00e-01,
1041,0.00e+00,-8.00e-01,
1042,8.00e-03,8.00e-01,
1043,4.00e-02,-8.00e-01,
1044,4.00e-02,-8.00e-01,
1045,8.00e-03,8.00e-01,
1046,1.60e-02,-8.00e-01,
1047,3.20e-02,8.00e-01,
1048,1.60e-02,-8.00e-01,
1049,3.20e-02,8.00e-01,
1050,3.20e-02,-8.00e-01,
1051,1.60e-02,8.00e-01,
1052,3.20e-02,-8.00e-01,
1053,2.40e-02,8.00e-01,
1054,2.40e-02,-8.00e-01,
1055,4.00e-02,8.00e-01,
1056,2.40e-02,-8.00e-01,
1057,4.00e-02,8.00e-01,
1058,4.00e-02,-8.00e-01,
1059,3.20e-02,8.00e-01,
1060,3.20e-02,8.00e-01,
1061,4.00e-02,-8.00e-01,
1062,4.00e-02,0.00e+00,
1063,3.20e-02,8.00e-01,
1064,3.20e-02,0.00e+00,
1065,4.00e-02,8.00e-01,
1066,3.20e-02,8.00e-01,
1067,4.80e-02,-8.00e-01,
1068,3.20e-02,8.00e-01,
1069,4.80e-02,0.00e+00,
1070,4.00e-02,-8.00e-01,
1071,4.80e-02,8.00e-01,
1072,4.80e-02,0.00e+00,
1073,4.00e-02,8.00e-01,
1074,4.00e-02,8.00e-01,
1075,5.60e-02,-8.00e-01,
1076,4.00e-02,8.00e-01,
1077,5.60e-02,0.00e+00,
1078,5.60e-02,-8.00e-01,
1079,4.00e-02,8.00e-01,
1080,5.60e-02,8.00e-01,
1081,4.80e-02,-8.00e-01,
1082,4.80e-02,8.00e-01,
1083,6.40e-02,-8.00e-01,
1084,4.80e-02,8.00e-01,
1085,6.40e-02,0.00e+00,
1086,4.80e-02,0.00e+00,
1087,6.40e-02,8.00e-01,
1088,6.40e-02,8.00e-01,
1089,5.60e-02,0.00e+00,
1090,6.40e-02,0.00e+00,
1091,5.60e-02,8.00e-01,
1092,5.60e-02,0.00e+00,
1093,7.20e-02,8.00e-01,
1094,7.20e-02,0.00e+00,
1095,5.60e-02,8.00e-01,
1096,7.20e-02,0.00e+00,
1097,5.60e-02,8.00e-01,
1098,7.20e-02,0.00e+00,
1099,6.40e-02,8.00e-01,
1100,7.20e-02,8.00e-01,
1101,6.40e-02,0.00e+00,
1102,6.40e-02,-8.00e-01,
1103,8.00e-02,8.00e-01,
1104,6.40e-02,8.00e-01,
1105,8.00e-02,0.00e+00,
1106,6.40e-02,8.00e-01,
1107,8.00e-02,-8.00e-01,
1108,8.00e-02,-8.00e-01,
1109,7.20e-02,8.00e-01,
1110,8.00e-02,0.00e+00,
1111,7.20e-02,8.00e-01,
1112,8.80e-02,8.00e-01,
1113,7.20e-02,0.00e+00,
1114,8.80e-02,0.00e+00,
1115,8.00e-02,8.00e-01,
1116,8.80e-02,8.00e-01,
1117,8.00e-02,0.00e+00,
1118,8.80e-02,8.00e-01,
1119,8.80e-02,0.00e+00,
1120,8.80e-02,8.00e-01,
1121,8.80e-02,0.00e+00,
1122,8.80e-02,8.00e-01,
1123,1.04e-01,-8.00e-01,
1124,8.80e-02,8.00e-01,
1125,1.04e-01,0.00e+00,
1126,1.04e-01,8.00e-01,
1127,9.60e-02,0.00e+00,
1128,9.60e-02,0.00e+00,
1129,1.04e-01,8.00e-01,
1130,9.60e-02,8.00e-01,
1131,1.04e-01,0.00e+00,
1132,9.60e-02,8.00e-01,
1133,1.04e-01,0.00e+00,
1134,1.12e-01,8.00e-01,
1135,9.60e-02,0.00e+00,
1136,1.04e-01,0.00e+00,
1137,1.12e-01,8.00e-01,
1138,1.12e-01,0.00e+00,
1139,1.04e-01,8.00e-01,
1140,1.04e-01,8.00e-01,
1141,1.20e-01,0.00e+00,
1142,1.20e-01,8.00e-01,
1143,1.04e-01,-8.00e-01,
1144,1.20e-01,8.00e-01,
1145,1.12e-01,0.00e+00,
1146,1.12e-01,8.00e-01,
1147,1.20e-01,0.00e+00,
1148,1.12e-01,8.00e-01,
1149,1.20e-01,0.00e+00,
1150,1.12e-01,8.00e-01,
1151,1.28e-01,0.00e+00,
1152,1.12e-01,0.00e+00,
1153,1.28e-01,8.00e-01,
1154,1.28e-01,8.00e-01,
1155,1.20e-01,0.00e+00,
1156,1.20e-01,8.00e-01,
1157,1.36e-01,0.00e+00,
1158,1.28e-01,0.00e+00,
1159,1.20e-01,8.00e-01,
1160,1.20e-01,0.00e+00,
1161,1.36e-01,8.00e-01,
1162,1.36e-01,0.00e+00,
1163,1.20e-01,8.00e-01,
1164,1.28e-01,8.00e-01,
1165,1.36e-01,0.00e+00,
1166,1.28e-01,0.00e+00,
1167,1.36e-01,8.00e-01,
1168,1.28e-01,8.00e-01,
1169,1.44e-01,0.00e+00,
1170,1.28e-01,8.00e-01,
1171,1.44e-01,0.00e+00,
1172,1.28e-01,0.00e+00,
1173,1.44e-01,8.00e-01,
1174,1.36e-01,0.00e+00,
1175,1.44e-01,8.00e-01,
1176,1.36e-01,0.00e+00,
1177,1.52e-01,8.00e-01,
1178,1.36e-01,8.00e-01,
1179,1.52e-01,0.00e+00,
1180,1.36e-01,0.00e+00,
1181,1.52e-01,8.00e-01,
1182,1.52e-01,8.00e-01,
1183,1.44e-01,-8.00e-01,
1184,1.44e-01,8.00e-01,
1185,1.52e-01,0.00e+00,
1186,1.60e-01,8.00e-01,
1187,1.44e-01,0.00e+00,
1188,1.44e-01,0.00e+00,
1189,1.60e-01,8.00e-01,
1190,1.60e-01,8.00e-01,
1191,1.52e-01,0.00e+00,
1192,1.60e-01,0.00e+00,
1193,1.52e-01,8.00e-01,
1194,1.60e-01,0.00e+00,
1195,1.52e-01,8.00e-01,
1196,1.52e-01,0.00e+00,
1197,1.68e-01,8.00e-01,
1198,1.68e-01,0.00e+00,
1199,1.52e-01,8.00e-01,
