X,CH1,CH2,CH3,CH4,Start,Increment,
Sequence,Volt,Volt,Volt,Volt,1.944000e-05,2.000000e-09
0,1.32e+00,0.00e+00,3.90e+00,1.84e+01,
1,1.32e+00,0.00e+00,3.90e+00,1.84e+01,
2,1.36e+00,0.00e+00,3.90e+00,1.84e+01,
3,1.36e+00,0.00e+00,3.90e+00,1.84e+01,
4,1.36e+00,0.00e+00,3.90e+00,1.84e+01,
5,1.36e+00,0.00e+00,3.90e+00,1.84e+01,
6,1.32e+00,0.00e+00,3.90e+00,1.84e+01,
7,1.32e+00,0.00e+00,3.90e+00,1.84e+01,
8,1.36e+00,0.00e+00,3.90e+00,1.84e+01,
9,1.36e+00,0.00e+00,3.90e+00,1.84e+01,
10,1.36e+00,8.00e-01,3.90e+00,1.84e+01,
11,1.36e+00,8.00e-01,3.90e+00,1.84e+01,
12,1.36e+00,0.00e+00,3.88e+00,1.84e+01,
13,1.36e+00,0.00e+00,3.88e+00,1.84e+01,
14,1.32e+00,8.00e-01,3.90e+00,1.84e+01,
15,1.32e+00,8.00e-01,3.90e+00,1.84e+01,
16,1.32e+00,8.00e-01,3.90e+00,1.84e+01,
17,1.32e+00,8.00e-01,3.90e+00,1.84e+01,
18,1.36e+00,8.00e-01,3.90e+00,1.84e+01,
19,1.36e+00,8.00e-01,3.90e+00,1.84e+01,
20,1.36e+00,0.00e+00,3.90e+00,1.84e+01,
21,1.36e+00,0.00e+00,3.90e+00,1.84e+01,
22,1.32e+00,8.00e-01,3.90e+00,1.76e+01,
23,1.32e+00,8.00e-01,3.90e+00,1.76e+01,
24,1.36e+00,8.00e-01,3.90e+00,1.76e+01,
25,1.36e+00,8.00e-01,3.90e+00,1.76e+01,
26,1.40e+00,0.00e+00,3.90e+00,1.76e+01,
27,1.40e+00,0.00e+00,3.90e+00,1.76e+01,
28,1.36e+00,0.00e+00,3.90e+00,1.84e+01,
29,1.36e+00,0.00e+00,3.90e+00,1.84e+01,
30,1.16e+00,-8.00e-01,3.88e+00,1.76e+01,
31,1.16e+00,-8.00e-01,3.88e+00,1.76e+01,
32,9.20e-01,-8.00e-01,3.90e+00,1.76e+01,
33,9.20e-01,-8.00e-01,3.90e+00,1.76e+01,
34,7.60e-01,8.00e-01,3.90e+00,1.76e+01,
35,7.60e-01,8.00e-01,3.90e+00,1.76e+01,
36,8.40e-01,0.00e+00,3.90e+00,1.84e+01,
37,8.40e-01,0.00e+00,3.90e+00,1.84e+01,
38,9.20e-01,0.00e+00,3.90e+00,1.84e+01,
39,9.20e-01,0.00e+00,3.90e+00,1.84e+01,
40,1.08e+00,0.00e+00,3.90e+00,1.76e+01,
41,1.08e+00,0.00e+00,3.90e+00,1.76e+01,
42,1.16e+00,8.00e-01,3.90e+00,1.84e+01,
43,1.16e+00,8.00e-01,3.90e+00,1.84e+01,
44,1.20e+00,8.00e-01,3.90e+00,1.76e+01,
45,1.20e+00,8.00e-01,3.90e+00,1.76e+01,
46,1.20e+00,8.00e-01,3.88e+00,1.76e+01,
47,1.20e+00,8.00e-01,3.88e+00,1.76e+01,
48,1.24e+00,8.00e-01,3.90e+00,1.84e+01,
49,1.24e+00,8.00e-01,3.90e+00,1.84e+01,
50,1.24e+00,0.00e+00,3.90e+00,1.84e+01,
51,1.24e+00,0.00e+00,3.90e+00,1.84e+01,
52,1.24e+00,8.00e-01,3.90e+00,1.84e+01,
53,1.24e+00,8.00e-01,3.90e+00,1.84e+01,
54,1.24e+00,8.00e-01,3.90e+00,1.84e+01,
55,1.24e+00,8.00e-01,3.90e+00,1.84e+01,
56,1.24e+00,8.00e-01,3.90e+00,1.76e+01,
57,1.24e+00,8.00e-01,3.90e+00,1.76e+01,
58,1.24e+00,8.00e-01,3.90e+00,1.84e+01,
59,1.24e+00,8.00e-01,3.90e+00,1.84e+01,
60,1.32e+00,8.00e-01,3.90e+00,1.76e+01,
61,1.32e+00,8.00e-01,3.90e+00,1.76e+01,
62,1.28e+00,0.00e+00,3.90e+00,1.76e+01,
63,1.28e+00,0.00e+00,3.90e+00,1.76e+01,
64,1.28e+00,8.00e-01,3.90e+00,1.84e+01,
65,1.28e+00,8.00e-01,3.90e+00,1.84e+01,
66,1.28e+00,0.00e+00,3.88e+00,1.84e+01,
67,1.28e+00,0.00e+00,3.88e+00,1.84e+01,
68,1.28e+00,0.00e+00,3.90e+00,1.84e+01,
69,1.28e+00,0.00e+00,3.90e+00,1.84e+01,
70,1.28e+00,8.00e-01,3.90e+00,1.84e+01,
71,1.28e+00,8.00e-01,3.90e+00,1.84e+01,
72,1.28e+00,0.00e+00,3.90e+00,1.84e+01,
73,1.28e+00,0.00e+00,3.90e+00,1.84e+01,
74,1.28e+00,0.00e+00,3.90e+00,1.76e+01,
75,1.28e+00,0.00e+00,3.90e+00,1.76e+01,
76,1.32e+00,8.00e-01,3.90e+00,1.76e+01,
77,1.32e+00,8.00e-01,3.90e+00,1.76e+01,
78,1.36e+00,0.00e+00,3.90e+00,1.76e+01,
79,1.36e+00,0.00e+00,3.90e+00,1.76e+01,
80,1.32e+00,8.00e-01,3.90e+00,1.84e+01,
81,1.32e+00,8.00e-01,3.90e+00,1.84e+01,
82,1.32e+00,0.00e+00,3.90e+00,1.84e+01,
83,1.32e+00,0.00e+00,3.90e+00,1.84e+01,
84,1.32e+00,0.00e+00,3.90e+00,1.76e+01,
85,1.32e+00,0.00e+00,3.90e+00,1.76e+01,
86,1.32e+00,0.00e+00,3.90e+00,1.84e+01,
87,1.32e+00,0.00e+00,3.90e+00,1.84e+01,
88,1.32e+00,0.00e+00,3.88e+00,1.84e+01,
89,1.32e+00,0.00e+00,3.88e+00,1.84e+01,
90,1.36e+00,0.00e+00,3.88e+00,1.84e+01,
91,1.36e+00,0.00e+00,3.88e+00,1.84e+01,
92,1.36e+00,0.00e+00,3.90e+00,1.84e+01,
93,1.36e+00,0.00e+00,3.90e+00,1.84e+01,
94,1.40e+00,0.00e+00,3.90e+00,1.84e+01,
95,1.40e+00,0.00e+00,3.90e+00,1.84e+01,
96,1.40e+00,8.00e-01,3.90e+00,1.84e+01,
97,1.40e+00,8.00e-01,3.90e+00,1.84e+01,
98,1.40e+00,0.00e+00,3.90e+00,1.84e+01,
99,1.40e+00,0.00e+00,3.90e+00,1.84e+01,
100,1.40e+00,8.00e-01,3.90e+00,1.76e+01,
101,1.40e+00,8.00e-01,3.90e+00,1.76e+01,
102,1.40e+00,0.00e+00,3.88e+00,1.76e+01,
103,1.40e+00,0.00e+00,3.88e+00,1.76e+01,
104,1.40e+00,0.00e+00,3.90e+00,1.84e+01,
105,1.40e+00,0.00e+00,3.90e+00,1.84e+01,
106,1.40e+00,0.00e+00,3.90e+00,1.84e+01,
107,1.40e+00,0.00e+00,3.90e+00,1.84e+01,
108,1.36e+00,8.00e-01,3.90e+00,1.84e+01,
109,1.36e+00,8.00e-01,3.90e+00,1.84e+01,
110,1.36e+00,8.00e-01,3.90e+00,1.76e+01,
111,1.36e+00,8.00e-01,3.90e+00,1.76e+01,
112,1.36e+00,0.00e+00,3.90e+00,1.76e+01,
113,1.36e+00,0.00e+00,3.90e+00,1.76e+01,
114,1.40e+00,0.00e+00,3.90e+00,1.84e+01,
115,1.40e+00,0.00e+00,3.90e+00,1.84e+01,
116,1.40e+00,8.00e-01,3.90e+00,1.84e+01,
117,1.40e+00,8.00e-01,3.90e+00,1.84e+01,
118,1.40e+00,0.00e+00,3.90e+00,1.84e+01,
119,1.40e+00,0.00e+00,3.90e+00,1.84e+01,
120,1.40e+00,8.00e-01,3.90e+00,1.84e+01,
121,1.40e+00,8.00e-01,3.90e+00,1.84e+01,
122,1.36e+00,8.00e-01,3.90e+00,1.84e+01,
123,1.36e+00,8.00e-01,3.90e+00,1.84e+01,
124,1.44e+00,8.00e-01,3.90e+00,1.84e+01,
125,1.44e+00,8.00e-01,3.90e+00,1.84e+01,
126,1.36e+00,0.00e+00,3.90e+00,1.84e+01,
127,1.36e+00,0.00e+00,3.90e+00,1.84e+01,
128,1.44e+00,8.00e-01,3.88e+00,1.84e+01,
129,1.44e+00,8.00e-01,3.88e+00,1.84e+01,
130,1.44e+00,0.00e+00,3.88e+00,1.84e+01,
131,1.44e+00,0.00e+00,3.88e+00,1.84e+01,
132,1.44e+00,0.00e+00,3.86e+00,1.84e+01,
133,1.44e+00,0.00e+00,3.86e+00,1.84e+01,
134,1.44e+00,8.00e-01,3.88e+00,1.84e+01,
135,1.44e+00,8.00e-01,3.88e+00,1.84e+01,
136,1.44e+00,0.00e+00,3.88e+00,1.84e+01,
137,1.44e+00,0.00e+00,3.88e+00,1.84e+01,
138,1.44e+00,8.00e-01,3.90e+00,1.76e+01,
139,1.44e+00,8.00e-01,3.90e+00,1.76e+01,
140,1.44e+00,8.00e-01,3.90e+00,1.76e+01,
141,1.44e+00,8.00e-01,3.90e+00,1.76e+01,
142,1.40e+00,0.00e+00,3.90e+00,1.84e+01,
143,1.40e+00,0.00e+00,3.90e+00,1.84e+01,
144,1.44e+00,8.00e-01,3.90e+00,1.76e+01,
145,1.44e+00,8.00e-01,3.90e+00,1.76e+01,
146,1.44e+00,1.60e+00,3.90e+00,1.76e+01,
147,1.44e+00,1.60e+00,3.90e+00,1.76e+01,
148,1.44e+00,1.60e+00,3.88e+00,1.84e+01,
149,1.44e+00,1.60e+00,3.88e+00,1.84e+01,
150,1.44e+00,1.60e+00,3.88e+00,1.76e+01,
151,1.44e+00,1.60e+00,3.88e+00,1.76e+01,
152,1.44e+00,1.60e+00,3.90e+00,1.84e+01,
153,1.44e+00,1.60e+00,3.90e+00,1.84e+01,
154,1.44e+00,1.60e+00,3.90e+00,1.76e+01,
155,1.44e+00,1.60e+00,3.90e+00,1.76e+01,
156,1.44e+00,1.60e+00,3.88e+00,1.76e+01,
157,1.44e+00,1.60e+00,3.88e+00,1.76e+01,
158,1.44e+00,1.60e+00,3.90e+00,1.76e+01,
159,1.44e+00,1.60e+00,3.90e+00,1.76e+01,
160,1.44e+00,3.20e+00,3.90e+00,1.76e+01,
161,1.44e+00,3.20e+00,3.90e+00,1.76e+01,
162,1.44e+00,2.40e+00,3.88e+00,1.76e+01,
163,1.44e+00,2.40e+00,3.88e+00,1.76e+01,
164,1.44e+00,3.20e+00,3.88e+00,1.76e+01,
165,1.44e+00,3.20e+00,3.88e+00,1.76e+01,
166,1.44e+00,3.20e+00,3.90e+00,1.84e+01,
167,1.44e+00,3.20e+00,3.90e+00,1.84e+01,
168,1.44e+00,2.40e+00,3.90e+00,1.84e+01,
169,1.44e+00,2.40e+00,3.90e+00,1.84e+01,
170,1.44e+00,2.40e+00,3.90e+00,1.76e+01,
171,1.44e+00,2.40e+00,3.90e+00,1.76e+01,
172,1.40e+00,4.00e+00,3.90e+00,1.84e+01,
173,1.40e+00,4.00e+00,3.90e+00,1.84e+01,
174,1.40e+00,4.00e+00,3.86e+00,1.76e+01,
175,1.40e+00,4.00e+00,3.86e+00,1.76e+01,
176,1.40e+00,4.00e+00,3.88e+00,1.76e+01,
177,1.40e+00,4.00e+00,3.88e+00,1.76e+01,
178,1.44e+00,4.00e+00,3.90e+00,1.76e+01,
179,1.44e+00,4.00e+00,3.90e+00,1.76e+01,
180,1.44e+00,4.00e+00,3.90e+00,1.84e+01,
181,1.44e+00,4.00e+00,3.90e+00,1.84e+01,
182,1.40e+00,4.80e+00,3.88e+00,1.84e+01,
183,1.40e+00,4.80e+00,3.88e+00,1.84e+01,
184,1.40e+00,5.60e+00,3.90e+00,1.84e+01,
185,1.40e+00,5.60e+00,3.90e+00,1.84e+01,
186,1.44e+00,4.80e+00,3.90e+00,1.76e+01,
187,1.44e+00,4.80e+00,3.90e+00,1.76e+01,
188,1.44e+00,5.60e+00,3.88e+00,1.84e+01,
189,1.44e+00,5.60e+00,3.88e+00,1.84e+01,
190,1.40e+00,6.40e+00,3.90e+00,1.76e+01,
191,1.40e+00,6.40e+00,3.90e+00,1.76e+01,
192,1.44e+00,6.40e+00,3.90e+00,1.84e+01,
193,1.44e+00,6.40e+00,3.90e+00,1.84e+01,
194,1.44e+00,6.40e+00,3.90e+00,1.84e+01,
195,1.44e+00,6.40e+00,3.90e+00,1.84e+01,
196,1.44e+00,8.00e+00,3.90e+00,1.84e+01,
197,1.44e+00,8.00e+00,3.90e+00,1.84e+01,
198,1.44e+00,7.20e+00,3.86e+00,1.84e+01,
199,1.44e+00,7.20e+00,3.86e+00,1.84e+01,
200,1.44e+00,8.80e+00,3.90e+00,1.84e+01,
201,1.44e+00,8.80e+00,3.90e+00,1.84e+01,
202,1.44e+00,8.80e+00,3.90e+00,1.76e+01,
203,1.44e+00,8.80e+00,3.90e+00,1.76e+01,
204,1.44e+00,1.04e+01,3.90e+00,1.76e+01,
205,1.44e+00,1.04e+01,3.90e+00,1.76e+01,
206,1.40e+00,1.04e+01,3.88e+00,1.84e+01,
207,1.40e+00,1.04e+01,3.88e+00,1.84e+01,
208,1.40e+00,1.12e+01,3.90e+00,1.76e+01,
209,1.40e+00,1.12e+01,3.90e+00,1.76e+01,
210,1.40e+00,1.28e+01,3.90e+00,1.84e+01,
211,1.40e+00,1.28e+01,3.90e+00,1.84e+01,
212,1.40e+00,1.20e+01,3.88e+00,1.84e+01,
213,1.40e+00,1.20e+01,3.88e+00,1.84e+01,
214,1.40e+00,1.36e+01,3.90e+00,1.84e+01,
215,1.40e+00,1.36e+01,3.90e+00,1.84e+01,
216,1.36e+00,1.52e+01,3.90e+00,1.84e+01,
217,1.36e+00,1.52e+01,3.90e+00,1.84e+01,
218,1.40e+00,1.68e+01,3.90e+00,1.76e+01,
219,1.40e+00,1.68e+01,3.90e+00,1.76e+01,
220,1.40e+00,1.76e+01,3.90e+00,1.76e+01,
221,1.40e+00,1.76e+01,3.90e+00,1.76e+01,
222,1.32e+00,1.92e+01,3.90e+00,1.76e+01,
223,1.32e+00,1.92e+01,3.90e+00,1.76e+01,
224,1.32e+00,2.16e+01,3.90e+00,1.84e+01,
225,1.32e+00,2.16e+01,3.90e+00,1.84e+01,
226,1.12e+00,2.48e+01,3.90e+00,1.76e+01,
227,1.12e+00,2.48e+01,3.90e+00,1.76e+01,
228,1.00e+00,3.04e+01,3.92e+00,1.76e+01,
229,1.00e+00,3.04e+01,3.92e+00,1.76e+01,
230,7.20e-01,3.52e+01,3.96e+00,1.76e+01,
231,7.20e-01,3.52e+01,3.96e+00,1.76e+01,
232,3.60e-01,4.16e+01,4.00e+00,1.84e+01,
233,3.60e-01,4.16e+01,4.00e+00,1.84e+01,
234,-8.00e-02,4.80e+01,4.04e+00,1.76e+01,
235,-8.00e-02,4.80e+01,4.04e+00,1.76e+01,
236,-6.80e-01,5.36e+01,4.12e+00,1.84e+01,
237,-6.80e-01,5.36e+01,4.12e+00,1.84e+01,
238,-1.20e+00,5.92e+01,4.14e+00,1.84e+01,
239,-1.20e+00,5.92e+01,4.14e+00,1.84e+01,
240,-1.80e+00,6.40e+01,4.16e+00,1.84e+01,
241,-1.80e+00,6.40e+01,4.16e+00,1.84e+01,
242,-2.28e+00,6.80e+01,4.20e+00,1.76e+01,
243,-2.28e+00,6.80e+01,4.20e+00,1.76e+01,
244,-2.68e+00,6.96e+01,4.22e+00,1.84e+01,
245,-2.68e+00,6.96e+01,4.22e+00,1.84e+01,
246,-2.84e+00,6.88e+01,4.18e+00,1.84e+01,
247,-2.84e+00,6.88e+01,4.18e+00,1.84e+01,
248,-2.68e+00,6.08e+01,4.14e+00,1.84e+01,
249,-2.68e+00,6.08e+01,4.14e+00,1.84e+01,
250,-2.40e+00,4.96e+01,4.10e+00,1.84e+01,
251,-2.40e+00,4.96e+01,4.10e+00,1.84e+01,
252,-1.96e+00,3.68e+01,4.04e+00,1.76e+01,
253,-1.96e+00,3.68e+01,4.04e+00,1.76e+01,
254,-1.36e+00,2.56e+01,3.94e+00,1.76e+01,
255,-1.36e+00,2.56e+01,3.94e+00,1.76e+01,
256,-7.60e-01,1.52e+01,3.84e+00,1.84e+01,
257,-7.60e-01,1.52e+01,3.84e+00,1.84e+01,
258,-1.60e-01,1.12e+01,3.82e+00,1.76e+01,
259,-1.60e-01,1.12e+01,3.82e+00,1.76e+01,
260,4.00e-01,8.00e+00,3.76e+00,1.84e+01,
261,4.00e-01,8.00e+00,3.76e+00,1.84e+01,
262,8.40e-01,4.80e+00,3.76e+00,1.76e+01,
263,8.40e-01,4.80e+00,3.76e+00,1.76e+01,
264,1.12e+00,4.00e+00,3.82e+00,1.76e+01,
265,1.12e+00,4.00e+00,3.82e+00,1.76e+01,
266,1.28e+00,4.00e+00,3.74e+00,1.84e+01,
267,1.28e+00,4.00e+00,3.74e+00,1.84e+01,
268,1.44e+00,4.00e+00,3.76e+00,1.76e+01,
269,1.44e+00,4.00e+00,3.76e+00,1.76e+01,
270,1.48e+00,5.60e+00,3.78e+00,1.76e+01,
271,1.48e+00,5.60e+00,3.78e+00,1.76e+01,
272,1.44e+00,8.00e+00,3.74e+00,1.76e+01,
273,1.44e+00,8.00e+00,3.74e+00,1.76e+01,
274,1.36e+00,1.04e+01,3.78e+00,1.84e+01,
275,1.36e+00,1.04e+01,3.78e+00,1.84e+01,
276,1.16e+00,1.36e+01,3.82e+00,1.84e+01,
277,1.16e+00,1.36e+01,3.82e+00,1.84e+01,
278,8.80e-01,2.00e+01,3.84e+00,1.76e+01,
279,8.80e-01,2.00e+01,3.84e+00,1.76e+01,
280,3.20e-01,2.80e+01,3.94e+00,1.76e+01,
281,3.20e-01,2.80e+01,3.94e+00,1.76e+01,
282,-1.20e-01,3.92e+01,3.98e+00,1.76e+01,
283,-1.20e-01,3.92e+01,3.98e+00,1.76e+01,
284,-6.80e-01,4.72e+01,4.00e+00,1.76e+01,
285,-6.80e-01,4.72e+01,4.00e+00,1.76e+01,
286,-1.24e+00,5.52e+01,4.10e+00,1.84e+01,
287,-1.24e+00,5.52e+01,4.10e+00,1.84e+01,
288,-1.60e+00,5.76e+01,4.10e+00,1.84e+01,
289,-1.60e+00,5.76e+01,4.10e+00,1.84e+01,
290,-1.88e+00,5.60e+01,4.10e+00,1.84e+01,
291,-1.88e+00,5.60e+01,4.10e+00,1.84e+01,
292,-1.92e+00,4.96e+01,4.12e+00,1.84e+01,
293,-1.92e+00,4.96e+01,4.12e+00,1.84e+01,
294,-1.76e+00,4.16e+01,4.04e+00,1.84e+01,
295,-1.76e+00,4.16e+01,4.04e+00,1.84e+01,
296,-1.40e+00,3.28e+01,3.98e+00,1.84e+01,
297,-1.40e+00,3.28e+01,3.98e+00,1.84e+01,
298,-1.00e+00,2.40e+01,3.92e+00,1.84e+01,
299,-1.00e+00,2.40e+01,3.92e+00,1.84e+01,
300,-4.80e-01,1.68e+01,3.84e+00,1.84e+01,
301,-4.80e-01,1.68e+01,3.84e+00,1.84e+01,
302,-4.00e-02,1.28e+01,3.82e+00,1.84e+01,
303,-4.00e-02,1.28e+01,3.82e+00,1.84e+01,
304,4.00e-01,1.04e+01,3.80e+00,1.84e+01,
305,4.00e-01,1.04e+01,3.80e+00,1.84e+01,
306,7.60e-01,9.60e+00,3.80e+00,1.84e+01,
307,7.60e-01,9.60e+00,3.80e+00,1.84e+01,
308,9.60e-01,8.00e+00,3.82e+00,1.84e+01,
309,9.60e-01,8.00e+00,3.82e+00,1.84e+01,
310,1.12e+00,7.20e+00,3.78e+00,1.76e+01,
311,1.12e+00,7.20e+00,3.78e+00,1.76e+01,
312,1.20e+00,8.00e+00,3.78e+00,1.76e+01,
313,1.20e+00,8.00e+00,3.78e+00,1.76e+01,
314,1.20e+00,9.60e+00,3.78e+00,1.76e+01,
315,1.20e+00,9.60e+00,3.78e+00,1.76e+01,
316,1.12e+00,1.20e+01,3.80e+00,1.76e+01,
317,1.12e+00,1.20e+01,3.80e+00,1.76e+01,
318,1.00e+00,1.52e+01,3.82e+00,1.84e+01,
319,1.00e+00,1.52e+01,3.82e+00,1.84e+01,
320,8.00e-01,1.92e+01,3.86e+00,1.76e+01,
321,8.00e-01,1.92e+01,3.86e+00,1.76e+01,
322,4.00e-01,2.48e+01,3.88e+00,1.84e+01,
323,4.00e-01,2.48e+01,3.88e+00,1.84e+01,
324,4.00e-02,3.28e+01,3.98e+00,1.84e+01,
325,4.00e-02,3.28e+01,3.98e+00,1.84e+01,
326,-4.00e-01,4.00e+01,3.98e+00,1.84e+01,
327,-4.00e-01,4.00e+01,3.98e+00,1.84e+01,
328,-8.40e-01,4.64e+01,4.04e+00,1.84e+01,
329,-8.40e-01,4.64e+01,4.04e+00,1.84e+01,
330,-1.16e+00,4.88e+01,4.06e+00,1.76e+01,
331,-1.16e+00,4.88e+01,4.06e+00,1.76e+01,
332,-1.36e+00,4.88e+01,4.08e+00,1.84e+01,
333,-1.36e+00,4.88e+01,4.08e+00,1.84e+01,
334,-1.48e+00,4.64e+01,4.06e+00,1.76e+01,
335,-1.48e+00,4.64e+01,4.06e+00,1.76e+01,
336,-1.44e+00,4.00e+01,4.04e+00,1.84e+01,
337,-1.44e+00,4.00e+01,4.04e+00,1.84e+01,
338,-1.20e+00,3.44e+01,4.00e+00,1.76e+01,
339,-1.20e+00,3.44e+01,4.00e+00,1.76e+01,
340,-8.80e-01,2.64e+01,3.94e+00,1.84e+01,
341,-8.80e-01,2.64e+01,3.94e+00,1.84e+01,
342,-5.20e-01,2.08e+01,3.88e+00,1.84e+01,
343,-5.20e-01,2.08e+01,3.88e+00,1.84e+01,
344,-2.00e-01,1.68e+01,3.84e+00,1.84e+01,
345,-2.00e-01,1.68e+01,3.84e+00,1.84e+01,
346,2.00e-01,1.44e+01,3.84e+00,1.84e+01,
347,2.00e-01,1.44e+01,3.84e+00,1.84e+01,
348,4.80e-01,1.20e+01,3.80e+00,1.76e+01,
349,4.80e-01,1.20e+01,3.80e+00,1.76e+01,
350,7.20e-01,1.12e+01,3.82e+00,1.84e+01,
351,7.20e-01,1.12e+01,3.82e+00,1.84e+01,
352,8.40e-01,1.04e+01,3.82e+00,1.84e+01,
353,8.40e-01,1.04e+01,3.82e+00,1.84e+01,
354,9.60e-01,1.12e+01,3.82e+00,1.84e+01,
355,9.60e-01,1.12e+01,3.82e+00,1.84e+01,
356,9.20e-01,1.12e+01,3.82e+00,1.84e+01,
357,9.20e-01,1.12e+01,3.82e+00,1.84e+01,
358,8.80e-01,1.44e+01,3.84e+00,1.84e+01,
359,8.80e-01,1.44e+01,3.84e+00,1.84e+01,
360,7.60e-01,1.60e+01,3.86e+00,1.84e+01,
361,7.60e-01,1.60e+01,3.86e+00,1.84e+01,
362,6.00e-01,2.00e+01,3.86e+00,1.84e+01,
363,6.00e-01,2.00e+01,3.86e+00,1.84e+01,
364,3.20e-01,2.48e+01,3.92e+00,1.84e+01,
365,3.20e-01,2.48e+01,3.92e+00,1.84e+01,
366,0.00e+00,3.12e+01,3.94e+00,1.84e+01,
367,0.00e+00,3.12e+01,3.94e+00,1.84e+01,
368,-2.80e-01,3.60e+01,3.98e+00,1.84e+01,
369,-2.80e-01,3.60e+01,3.98e+00,1.84e+01,
370,-6.00e-01,4.08e+01,4.02e+00,1.84e+01,
371,-6.00e-01,4.08e+01,4.02e+00,1.84e+01,
372,-8.80e-01,4.24e+01,4.04e+00,1.84e+01,
373,-8.80e-01,4.24e+01,4.04e+00,1.84e+01,
374,-1.08e+00,4.24e+01,4.04e+00,1.76e+01,
375,-1.08e+00,4.24e+01,4.04e+00,1.76e+01,
376,-1.12e+00,4.08e+01,4.06e+00,1.84e+01,
377,-1.12e+00,4.08e+01,4.06e+00,1.84e+01,
378,-1.08e+00,3.76e+01,4.00e+00,1.84e+01,
379,-1.08e+00,3.76e+01,4.00e+00,1.84e+01,
380,-9.20e-01,3.12e+01,3.98e+00,1.84e+01,
381,-9.20e-01,3.12e+01,3.98e+00,1.84e+01,
382,-7.20e-01,2.64e+01,3.94e+00,1.76e+01,
383,-7.20e-01,2.64e+01,3.94e+00,1.76e+01,
384,-4.00e-01,2.08e+01,3.90e+00,1.84e+01,
385,-4.00e-01,2.08e+01,3.90e+00,1.84e+01,
386,-1.20e-01,1.84e+01,3.88e+00,1.84e+01,
387,-1.20e-01,1.84e+01,3.88e+00,1.84e+01,
388,1.20e-01,1.68e+01,3.88e+00,1.84e+01,
389,1.20e-01,1.68e+01,3.88e+00,1.84e+01,
390,4.00e-01,1.36e+01,3.84e+00,1.84e+01,
391,4.00e-01,1.36e+01,3.84e+00,1.84e+01,
392,5.60e-01,1.36e+01,3.86e+00,1.84e+01,
393,5.60e-01,1.36e+01,3.86e+00,1.84e+01,
394,6.80e-01,1.20e+01,3.84e+00,1.76e+01,
395,6.80e-01,1.20e+01,3.84e+00,1.76e+01,
396,7.60e-01,1.36e+01,3.86e+00,1.84e+01,
397,7.60e-01,1.36e+01,3.86e+00,1.84e+01,
398,7.60e-01,1.52e+01,3.86e+00,1.76e+01,
399,7.60e-01,1.52e+01,3.86e+00,1.76e+01,
400,6.80e-01,1.68e+01,3.88e+00,1.84e+01,
401,6.80e-01,1.68e+01,3.88e+00,1.84e+01,
402,6.00e-01,1.92e+01,3.88e+00,1.84e+01,
403,6.00e-01,1.92e+01,3.88e+00,1.84e+01,
404,4.00e-01,2.24e+01,3.90e+00,1.84e+01,
405,4.00e-01,2.24e+01,3.90e+00,1.84e+01,
406,2.00e-01,2.64e+01,3.92e+00,1.84e+01,
407,2.00e-01,2.64e+01,3.92e+00,1.84e+01,
408,-4.00e-02,3.12e+01,3.94e+00,1.84e+01,
409,-4.00e-02,3.12e+01,3.94e+00,1.84e+01,
410,-3.60e-01,3.52e+01,4.00e+00,1.84e+01,
411,-3.60e-01,3.52e+01,4.00e+00,1.84e+01,
412,-5.20e-01,3.76e+01,4.00e+00,1.84e+01,
413,-5.20e-01,3.76e+01,4.00e+00,1.84e+01,
414,-7.20e-01,3.92e+01,4.02e+00,1.84e+01,
415,-7.20e-01,3.92e+01,4.02e+00,1.84e+01,
416,-8.80e-01,3.92e+01,4.00e+00,1.84e+01,
417,-8.80e-01,3.92e+01,4.00e+00,1.84e+01,
418,-8.80e-01,3.68e+01,4.00e+00,1.84e+01,
419,-8.80e-01,3.68e+01,4.00e+00,1.84e+01,
420,-8.00e-01,3.44e+01,3.98e+00,1.84e+01,
421,-8.00e-01,3.44e+01,3.98e+00,1.84e+01,
422,-6.80e-01,2.88e+01,3.96e+00,1.84e+01,
423,-6.80e-01,2.88e+01,3.96e+00,1.84e+01,
424,-4.80e-01,2.48e+01,3.94e+00,1.76e+01,
425,-4.80e-01,2.48e+01,3.94e+00,1.76e+01,
426,-2.80e-01,2.16e+01,3.92e+00,1.84e+01,
427,-2.80e-01,2.16e+01,3.92e+00,1.84e+01,
428,-4.00e-02,1.84e+01,3.90e+00,1.76e+01,
429,-4.00e-02,1.84e+01,3.90e+00,1.76e+01,
430,1.20e-01,1.76e+01,3.88e+00,1.84e+01,
431,1.20e-01,1.76e+01,3.88e+00,1.84e+01,
432,3.20e-01,1.60e+01,3.86e+00,1.76e+01,
433,3.20e-01,1.60e+01,3.86e+00,1.76e+01,
434,4.40e-01,1.52e+01,3.86e+00,1.76e+01,
435,4.40e-01,1.52e+01,3.86e+00,1.76e+01,
436,5.60e-01,1.52e+01,3.86e+00,1.76e+01,
437,5.60e-01,1.52e+01,3.86e+00,1.76e+01,
438,6.00e-01,1.68e+01,3.86e+00,1.84e+01,
439,6.00e-01,1.68e+01,3.86e+00,1.84e+01,
440,6.00e-01,1.76e+01,3.86e+00,1.76e+01,
441,6.00e-01,1.76e+01,3.86e+00,1.76e+01,
442,5.20e-01,1.84e+01,3.90e+00,1.76e+01,
443,5.20e-01,1.84e+01,3.90e+00,1.76e+01,
444,4.00e-01,2.16e+01,3.90e+00,1.84e+01,
445,4.00e-01,2.16e+01,3.90e+00,1.84e+01,
446,2.40e-01,2.56e+01,3.92e+00,1.84e+01,
447,2.40e-01,2.56e+01,3.92e+00,1.84e+01,
448,8.00e-02,2.72e+01,3.94e+00,1.84e+01,
449,8.00e-02,2.72e+01,3.94e+00,1.84e+01,
450,-1.20e-01,3.12e+01,3.98e+00,1.84e+01,
451,-1.20e-01,3.12e+01,3.98e+00,1.84e+01,
452,-3.20e-01,3.36e+01,4.00e+00,1.84e+01,
453,-3.20e-01,3.36e+01,4.00e+00,1.84e+01,
454,-5.20e-01,3.52e+01,3.98e+00,1.84e+01,
455,-5.20e-01,3.52e+01,3.98e+00,1.84e+01,
456,-6.40e-01,3.52e+01,4.02e+00,1.76e+01,
457,-6.40e-01,3.52e+01,4.02e+00,1.76e+01,
458,-6.80e-01,3.52e+01,4.00e+00,1.76e+01,
459,-6.80e-01,3.52e+01,4.00e+00,1.76e+01,
460,-6.80e-01,3.28e+01,3.96e+00,1.84e+01,
461,-6.80e-01,3.28e+01,3.96e+00,1.84e+01,
462,-6.40e-01,2.96e+01,3.96e+00,1.76e+01,
463,-6.40e-01,2.96e+01,3.96e+00,1.76e+01,
464,-4.80e-01,2.64e+01,3.94e+00,1.76e+01,
465,-4.80e-01,2.64e+01,3.94e+00,1.76e+01,
466,-3.20e-01,2.40e+01,3.92e+00,1.76e+01,
467,-3.20e-01,2.40e+01,3.92e+00,1.76e+01,
468,-1.20e-01,2.08e+01,3.92e+00,1.76e+01,
469,-1.20e-01,2.08e+01,3.92e+00,1.76e+01,
470,4.00e-02,2.00e+01,3.90e+00,1.84e+01,
471,4.00e-02,2.00e+01,3.90e+00,1.84e+01,
472,2.00e-01,1.76e+01,3.90e+00,1.84e+01,
473,2.00e-01,1.76e+01,3.90e+00,1.84e+01,
474,3.20e-01,1.84e+01,3.86e+00,1.84e+01,
475,3.20e-01,1.84e+01,3.86e+00,1.84e+01,
476,4.00e-01,1.84e+01,3.88e+00,1.84e+01,
477,4.00e-01,1.84e+01,3.88e+00,1.84e+01,
478,4.40e-01,1.84e+01,3.88e+00,1.76e+01,
479,4.40e-01,1.84e+01,3.88e+00,1.76e+01,
480,4.40e-01,1.92e+01,3.90e+00,1.84e+01,
481,4.40e-01,1.92e+01,3.90e+00,1.84e+01,
482,4.00e-01,2.00e+01,3.90e+00,1.76e+01,
483,4.00e-01,2.00e+01,3.90e+00,1.76e+01,
484,3.60e-01,2.08e+01,3.92e+00,1.84e+01,
485,3.60e-01,2.08e+01,3.92e+00,1.84e+01,
486,2.00e-01,2.40e+01,3.92e+00,1.84e+01,
487,2.00e-01,2.40e+01,3.92e+00,1.84e+01,
488,4.00e-02,2.64e+01,3.96e+00,1.84e+01,
489,4.00e-02,2.64e+01,3.96e+00,1.84e+01,
490,-8.00e-02,2.88e+01,3.98e+00,1.84e+01,
491,-8.00e-02,2.88e+01,3.98e+00,1.84e+01,
492,-2.40e-01,3.12e+01,3.96e+00,1.84e+01,
493,-2.40e-01,3.12e+01,3.96e+00,1.84e+01,
494,-3.60e-01,3.20e+01,3.98e+00,1.84e+01,
495,-3.60e-01,3.20e+01,3.98e+00,1.84e+01,
496,-4.80e-01,3.28e+01,3.98e+00,1.76e+01,
497,-4.80e-01,3.28e+01,3.98e+00,1.76e+01,
498,-5.20e-01,3.28e+01,4.00e+00,1.84e+01,
499,-5.20e-01,3.28e+01,4.00e+00,1.84e+01,
500,-5.20e-01,3.12e+01,4.00e+00,1.76e+01,
501,-5.20e-01,3.12e+01,4.00e+00,1.76e+01,
502,-5.20e-01,3.04e+01,3.96e+00,1.84e+01,
503,-5.20e-01,3.04e+01,3.96e+00,1.84e+01,
504,-4.00e-01,2.72e+01,3.94e+00,1.76e+01,
505,-4.00e-01,2.72e+01,3.94e+00,1.76e+01,
506,-2.80e-01,2.56e+01,3.96e+00,1.76e+01,
507,-2.80e-01,2.56e+01,3.96e+00,1.76e+01,
508,-1.60e-01,2.32e+01,3.92e+00,1.84e+01,
509,-1.60e-01,2.32e+01,3.92e+00,1.84e+01,
510,-4.00e-02,2.16e+01,3.92e+00,1.84e+01,
511,-4.00e-02,2.16e+01,3.92e+00,1.84e+01,
512,8.00e-02,2.08e+01,3.90e+00,1.84e+01,
513,8.00e-02,2.08e+01,3.90e+00,1.84e+01,
514,2.00e-01,1.92e+01,3.90e+00,1.76e+01,
515,2.00e-01,1.92e+01,3.90e+00,1.76e+01,
516,2.80e-01,1.84e+01,3.90e+00,1.84e+01,
517,2.80e-01,1.84e+01,3.90e+00,1.84e+01,
518,3.60e-01,1.92e+01,3.90e+00,1.84e+01,
519,3.60e-01,1.92e+01,3.90e+00,1.84e+01,
520,3.60e-01,2.08e+01,3.88e+00,1.84e+01,
521,3.60e-01,2.08e+01,3.88e+00,1.84e+01,
522,3.20e-01,2.00e+01,3.92e+00,1.76e+01,
523,3.20e-01,2.00e+01,3.92e+00,1.76e+01,
524,2.40e-01,2.24e+01,3.92e+00,1.84e+01,
525,2.40e-01,2.24e+01,3.92e+00,1.84e+01,
526,2.00e-01,2.40e+01,3.94e+00,1.76e+01,
527,2.00e-01,2.40e+01,3.94e+00,1.76e+01,
528,8.00e-02,2.64e+01,3.94e+00,1.84e+01,
529,8.00e-02,2.64e+01,3.94e+00,1.84e+01,
530,-4.00e-02,2.80e+01,3.96e+00,1.76e+01,
531,-4.00e-02,2.80e+01,3.96e+00,1.76e+01,
532,-1.60e-01,2.96e+01,3.98e+00,1.84e+01,
533,-1.60e-01,2.96e+01,3.98e+00,1.84e+01,
534,-2.80e-01,3.12e+01,3.98e+00,1.76e+01,
535,-2.80e-01,3.12e+01,3.98e+00,1.76e+01,
536,-4.00e-01,3.12e+01,4.00e+00,1.84e+01,
537,-4.00e-01,3.12e+01,4.00e+00,1.84e+01,
538,-4.40e-01,3.12e+01,4.00e+00,1.76e+01,
539,-4.40e-01,3.12e+01,4.00e+00,1.76e+01,
540,-4.40e-01,3.04e+01,3.98e+00,1.76e+01,
541,-4.40e-01,3.04e+01,3.98e+00,1.76e+01,
542,-4.40e-01,2.88e+01,3.98e+00,1.84e+01,
543,-4.40e-01,2.88e+01,3.98e+00,1.84e+01,
544,-3.20e-01,2.72e+01,3.98e+00,1.84e+01,
545,-3.20e-01,2.72e+01,3.98e+00,1.84e+01,
546,-2.80e-01,2.48e+01,3.96e+00,1.84e+01,
547,-2.80e-01,2.48e+01,3.96e+00,1.84e+01,
548,-1.20e-01,2.32e+01,3.92e+00,1.84e+01,
549,-1.20e-01,2.32e+01,3.92e+00,1.84e+01,
550,-4.00e-02,2.24e+01,3.92e+00,1.84e+01,
551,-4.00e-02,2.24e+01,3.92e+00,1.84e+01,
552,8.00e-02,2.16e+01,3.92e+00,1.84e+01,
553,8.00e-02,2.16e+01,3.92e+00,1.84e+01,
554,1.60e-01,2.00e+01,3.92e+00,1.84e+01,
555,1.60e-01,2.00e+01,3.92e+00,1.84e+01,
556,2.40e-01,2.00e+01,3.92e+00,1.76e+01,
557,2.40e-01,2.00e+01,3.92e+00,1.76e+01,
558,2.80e-01,2.00e+01,3.92e+00,1.84e+01,
559,2.80e-01,2.00e+01,3.92e+00,1.84e+01,
560,2.80e-01,2.00e+01,3.92e+00,1.84e+01,
561,2.80e-01,2.00e+01,3.92e+00,1.84e+01,
562,2.40e-01,2.16e+01,3.92e+00,1.84e+01,
563,2.40e-01,2.16e+01,3.92e+00,1.84e+01,
564,2.00e-01,2.32e+01,3.92e+00,1.76e+01,
565,2.00e-01,2.32e+01,3.92e+00,1.76e+01,
566,1.60e-01,2.40e+01,3.94e+00,1.76e+01,
567,1.60e-01,2.40e+01,3.94e+00,1.76e+01,
568,4.00e-02,2.48e+01,3.94e+00,1.84e+01,
569,4.00e-02,2.48e+01,3.94e+00,1.84e+01,
570,-4.00e-02,2.72e+01,3.96e+00,1.84e+01,
571,-4.00e-02,2.72e+01,3.96e+00,1.84e+01,
572,-1.60e-01,2.88e+01,3.96e+00,1.84e+01,
573,-1.60e-01,2.88e+01,3.96e+00,1.84e+01,
574,-2.40e-01,2.88e+01,3.96e+00,1.84e+01,
575,-2.40e-01,2.88e+01,3.96e+00,1.84e+01,
576,-2.80e-01,2.96e+01,3.98e+00,1.76e+01,
577,-2.80e-01,2.96e+01,3.98e+00,1.76e+01,
578,-3.60e-01,3.04e+01,3.96e+00,1.84e+01,
579,-3.60e-01,3.04e+01,3.96e+00,1.84e+01,
580,-3.60e-01,2.88e+01,3.96e+00,1.84e+01,
581,-3.60e-01,2.88e+01,3.96e+00,1.84e+01,
582,-3.60e-01,2.80e+01,3.96e+00,1.84e+01,
583,-3.60e-01,2.80e+01,3.96e+00,1.84e+01,
584,-3.20e-01,2.64e+01,3.98e+00,1.84e+01,
585,-3.20e-01,2.64e+01,3.98e+00,1.84e+01,
586,-2.40e-01,2.48e+01,3.96e+00,1.84e+01,
587,-2.40e-01,2.48e+01,3.96e+00,1.84e+01,
588,-1.60e-01,2.40e+01,3.94e+00,1.76e+01,
589,-1.60e-01,2.40e+01,3.94e+00,1.76e+01,
590,-1.20e-01,2.24e+01,3.94e+00,1.84e+01,
591,-1.20e-01,2.24e+01,3.94e+00,1.84e+01,
592,0.00e+00,2.16e+01,3.92e+00,1.84e+01,
593,0.00e+00,2.16e+01,3.92e+00,1.84e+01,
594,8.00e-02,2.16e+01,3.92e+00,1.84e+01,
595,8.00e-02,2.16e+01,3.92e+00,1.84e+01,
596,1.60e-01,2.16e+01,3.92e+00,1.84e+01,
597,1.60e-01,2.16e+01,3.92e+00,1.84e+01,
598,2.00e-01,2.16e+01,3.92e+00,1.76e+01,
599,2.00e-01,2.16e+01,3.92e+00,1.76e+01,
600,2.00e-01,2.16e+01,3.92e+00,1.84e+01,
601,2.00e-01,2.16e+01,3.92e+00,1.84e+01,
602,2.00e-01,2.24e+01,3.92e+00,1.84e+01,
603,2.00e-01,2.24e+01,3.92e+00,1.84e+01,
604,1.60e-01,2.24e+01,3.92e+00,1.84e+01,
605,1.60e-01,2.24e+01,3.92e+00,1.84e+01,
606,1.20e-01,2.40e+01,3.94e+00,1.84e+01,
607,1.20e-01,2.40e+01,3.94e+00,1.84e+01,
608,4.00e-02,2.56e+01,3.94e+00,1.76e+01,
609,4.00e-02,2.56e+01,3.94e+00,1.76e+01,
610,-4.00e-02,2.64e+01,3.96e+00,1.76e+01,
611,-4.00e-02,2.64e+01,3.96e+00,1.76e+01,
612,-8.00e-02,2.80e+01,3.98e+00,1.84e+01,
613,-8.00e-02,2.80e+01,3.98e+00,1.84e+01,
614,-2.00e-01,2.96e+01,3.96e+00,1.84e+01,
615,-2.00e-01,2.96e+01,3.96e+00,1.84e+01,
616,-2.40e-01,2.96e+01,3.96e+00,1.84e+01,
617,-2.40e-01,2.96e+01,3.96e+00,1.84e+01,
618,-2.80e-01,2.96e+01,3.96e+00,1.76e+01,
619,-2.80e-01,2.96e+01,3.96e+00,1.76e+01,
620,-2.80e-01,2.88e+01,3.96e+00,1.76e+01,
621,-2.80e-01,2.88e+01,3.96e+00,1.76e+01,
622,-3.20e-01,2.80e+01,3.98e+00,1.84e+01,
623,-3.20e-01,2.80e+01,3.98e+00,1.84e+01,
624,-2.40e-01,2.64e+01,3.98e+00,1.76e+01,
625,-2.40e-01,2.64e+01,3.98e+00,1.76e+01,
626,-1.60e-01,2.48e+01,3.98e+00,1.76e+01,
627,-1.60e-01,2.48e+01,3.98e+00,1.76e+01,
628,-1.20e-01,2.32e+01,3.96e+00,1.84e+01,
629,-1.20e-01,2.32e+01,3.96e+00,1.84e+01,
630,-8.00e-02,2.32e+01,3.94e+00,1.76e+01,
631,-8.00e-02,2.32e+01,3.94e+00,1.76e+01,
632,0.00e+00,2.24e+01,3.94e+00,1.84e+01,
633,0.00e+00,2.24e+01,3.94e+00,1.84e+01,
634,8.00e-02,2.24e+01,3.96e+00,1.84e+01,
635,8.00e-02,2.24e+01,3.96e+00,1.84e+01,
636,1.20e-01,2.16e+01,3.96e+00,1.84e+01,
637,1.20e-01,2.16e+01,3.96e+00,1.84e+01,
638,1.60e-01,2.16e+01,3.96e+00,1.84e+01,
639,1.60e-01,2.16e+01,3.96e+00,1.84e+01,
640,1.60e-01,2.16e+01,3.94e+00,1.76e+01,
641,1.60e-01,2.16e+01,3.94e+00,1.76e+01,
642,1.60e-01,2.24e+01,3.94e+00,1.76e+01,
643,1.60e-01,2.24e+01,3.94e+00,1.76e+01,
644,1.20e-01,2.24e+01,3.94e+00,1.76e+01,
645,1.20e-01,2.24e+01,3.94e+00,1.76e+01,
646,1.20e-01,2.40e+01,3.94e+00,1.84e+01,
647,1.20e-01,2.40e+01,3.94e+00,1.84e+01,
648,4.00e-02,2.48e+01,3.94e+00,1.76e+01,
649,4.00e-02,2.48e+01,3.94e+00,1.76e+01,
650,-4.00e-02,2.64e+01,3.98e+00,1.84e+01,
651,-4.00e-02,2.64e+01,3.98e+00,1.84e+01,
652,-8.00e-02,2.64e+01,3.96e+00,1.84e+01,
653,-8.00e-02,2.64e+01,3.96e+00,1.84e+01,
654,-1.60e-01,2.80e+01,3.98e+00,1.84e+01,
655,-1.60e-01,2.80e+01,3.98e+00,1.84e+01,
656,-2.00e-01,2.80e+01,3.98e+00,1.84e+01,
657,-2.00e-01,2.80e+01,3.98e+00,1.84e+01,
658,-2.40e-01,2.80e+01,3.96e+00,1.84e+01,
659,-2.40e-01,2.80e+01,3.96e+00,1.84e+01,
660,-2.40e-01,2.72e+01,3.96e+00,1.84e+01,
661,-2.40e-01,2.72e+01,3.96e+00,1.84e+01,
662,-2.40e-01,2.72e+01,3.96e+00,1.76e+01,
663,-2.40e-01,2.72e+01,3.96e+00,1.76e+01,
664,-2.00e-01,2.64e+01,3.96e+00,1.84e+01,
665,-2.00e-01,2.64e+01,3.96e+00,1.84e+01,
666,-2.00e-01,2.48e+01,3.96e+00,1.76e+01,
667,-2.00e-01,2.48e+01,3.96e+00,1.76e+01,
668,-1.60e-01,2.48e+01,3.96e+00,1.84e+01,
669,-1.60e-01,2.48e+01,3.96e+00,1.84e+01,
670,-8.00e-02,2.40e+01,3.94e+00,1.76e+01,
671,-8.00e-02,2.40e+01,3.94e+00,1.76e+01,
672,-4.00e-02,2.24e+01,3.94e+00,1.84e+01,
673,-4.00e-02,2.24e+01,3.94e+00,1.84e+01,
674,0.00e+00,2.24e+01,3.94e+00,1.76e+01,
675,0.00e+00,2.24e+01,3.94e+00,1.76e+01,
676,8.00e-02,2.32e+01,3.96e+00,1.84e+01,
677,8.00e-02,2.32e+01,3.96e+00,1.84e+01,
678,1.20e-01,2.32e+01,3.94e+00,1.84e+01,
679,1.20e-01,2.32e+01,3.94e+00,1.84e+01,
680,8.00e-02,2.32e+01,3.94e+00,1.84e+01,
681,8.00e-02,2.32e+01,3.94e+00,1.84e+01,
682,1.20e-01,2.24e+01,3.94e+00,1.84e+01,
683,1.20e-01,2.24e+01,3.94e+00,1.84e+01,
684,1.20e-01,2.40e+01,3.94e+00,1.84e+01,
685,1.20e-01,2.40e+01,3.94e+00,1.84e+01,
686,8.00e-02,2.40e+01,3.94e+00,1.84e+01,
687,8.00e-02,2.40e+01,3.94e+00,1.84e+01,
688,0.00e+00,2.56e+01,3.96e+00,1.84e+01,
689,0.00e+00,2.56e+01,3.96e+00,1.84e+01,
690,-4.00e-02,2.64e+01,3.96e+00,1.84e+01,
691,-4.00e-02,2.64e+01,3.96e+00,1.84e+01,
692,-8.00e-02,2.64e+01,3.96e+00,1.84e+01,
693,-8.00e-02,2.64e+01,3.96e+00,1.84e+01,
694,-1.60e-01,2.64e+01,3.98e+00,1.84e+01,
695,-1.60e-01,2.64e+01,3.98e+00,1.84e+01,
696,-1.60e-01,2.80e+01,3.96e+00,1.76e+01,
697,-1.60e-01,2.80e+01,3.96e+00,1.76e+01,
698,-2.00e-01,2.72e+01,3.96e+00,1.76e+01,
699,-2.00e-01,2.72e+01,3.96e+00,1.76e+01,
700,-1.60e-01,2.72e+01,3.96e+00,1.76e+01,
701,-1.60e-01,2.72e+01,3.96e+00,1.76e+01,
702,-1.60e-01,2.64e+01,3.96e+00,1.76e+01,
703,-1.60e-01,2.64e+01,3.96e+00,1.76e+01,
704,-1.60e-01,2.64e+01,3.98e+00,1.76e+01,
705,-1.60e-01,2.64e+01,3.98e+00,1.76e+01,
706,-1.60e-01,2.48e+01,3.96e+00,1.84e+01,
707,-1.60e-01,2.48e+01,3.96e+00,1.84e+01,
708,-1.20e-01,2.56e+01,3.98e+00,1.76e+01,
709,-1.20e-01,2.56e+01,3.98e+00,1.76e+01,
710,-1.20e-01,2.40e+01,3.96e+00,1.84e+01,
711,-1.20e-01,2.40e+01,3.96e+00,1.84e+01,
712,-4.00e-02,2.40e+01,3.94e+00,1.76e+01,
713,-4.00e-02,2.40e+01,3.94e+00,1.76e+01,
714,0.00e+00,2.40e+01,3.94e+00,1.84e+01,
715,0.00e+00,2.40e+01,3.94e+00,1.84e+01,
716,8.00e-02,2.24e+01,3.96e+00,1.76e+01,
717,8.00e-02,2.24e+01,3.96e+00,1.76e+01,
718,4.00e-02,2.24e+01,3.96e+00,1.76e+01,
719,4.00e-02,2.24e+01,3.96e+00,1.76e+01,
720,8.00e-02,2.24e+01,3.94e+00,1.84e+01,
721,8.00e-02,2.24e+01,3.94e+00,1.84e+01,
722,8.00e-02,2.32e+01,3.96e+00,1.76e+01,
723,8.00e-02,2.32e+01,3.96e+00,1.76e+01,
724,8.00e-02,2.32e+01,3.94e+00,1.84e+01,
725,8.00e-02,2.32e+01,3.94e+00,1.84e+01,
726,4.00e-02,2.40e+01,3.96e+00,1.84e+01,
727,4.00e-02,2.40e+01,3.96e+00,1.84e+01,
728,0.00e+00,2.56e+01,3.96e+00,1.84e+01,
729,0.00e+00,2.56e+01,3.96e+00,1.84e+01,
730,-4.00e-02,2.56e+01,3.96e+00,1.84e+01,
731,-4.00e-02,2.56e+01,3.96e+00,1.84e+01,
732,-4.00e-02,2.64e+01,3.96e+00,1.84e+01,
733,-4.00e-02,2.64e+01,3.96e+00,1.84e+01,
734,-1.20e-01,2.64e+01,3.98e+00,1.76e+01,
735,-1.20e-01,2.64e+01,3.98e+00,1.76e+01,
736,-1.60e-01,2.64e+01,3.98e+00,1.76e+01,
737,-1.60e-01,2.64e+01,3.98e+00,1.76e+01,
738,-1.20e-01,2.64e+01,4.00e+00,1.84e+01,
739,-1.20e-01,2.64e+01,4.00e+00,1.84e+01,
740,-1.20e-01,2.64e+01,3.96e+00,1.76e+01,
741,-1.20e-01,2.64e+01,3.96e+00,1.76e+01,
742,-1.60e-01,2.64e+01,3.96e+00,1.84e+01,
743,-1.60e-01,2.64e+01,3.96e+00,1.84e+01,
744,-1.60e-01,2.64e+01,3.96e+00,1.76e+01,
745,-1.60e-01,2.64e+01,3.96e+00,1.76e+01,
746,-1.60e-01,2.56e+01,3.98e+00,1.84e+01,
747,-1.60e-01,2.56e+01,3.98e+00,1.84e+01,
748,-8.00e-02,2.56e+01,3.98e+00,1.84e+01,
749,-8.00e-02,2.56e+01,3.98e+00,1.84e+01,
750,-8.00e-02,2.40e+01,3.98e+00,1.84e+01,
751,-8.00e-02,2.40e+01,3.98e+00,1.84e+01,
752,-4.00e-02,2.40e+01,3.96e+00,1.84e+01,
753,-4.00e-02,2.40e+01,3.96e+00,1.84e+01,
754,4.00e-02,2.40e+01,3.98e+00,1.84e+01,
755,4.00e-02,2.40e+01,3.98e+00,1.84e+01,
756,0.00e+00,2.40e+01,3.96e+00,1.84e+01,
757,0.00e+00,2.40e+01,3.96e+00,1.84e+01,
758,8.00e-02,2.40e+01,3.98e+00,1.84e+01,
759,8.00e-02,2.40e+01,3.98e+00,1.84e+01,
760,8.00e-02,2.40e+01,3.96e+00,1.84e+01,
761,8.00e-02,2.40e+01,3.96e+00,1.84e+01,
762,8.00e-02,2.32e+01,3.98e+00,1.84e+01,
763,8.00e-02,2.32e+01,3.98e+00,1.84e+01,
764,8.00e-02,2.32e+01,3.98e+00,1.84e+01,
765,8.00e-02,2.32e+01,3.98e+00,1.84e+01,
766,4.00e-02,2.32e+01,3.98e+00,1.76e+01,
767,4.00e-02,2.32e+01,3.98e+00,1.76e+01,
768,0.00e+00,2.48e+01,3.96e+00,1.84e+01,
769,0.00e+00,2.48e+01,3.96e+00,1.84e+01,
770,-4.00e-02,2.48e+01,3.96e+00,1.76e+01,
771,-4.00e-02,2.48e+01,3.96e+00,1.76e+01,
772,-4.00e-02,2.64e+01,3.98e+00,1.76e+01,
773,-4.00e-02,2.64e+01,3.98e+00,1.76e+01,
774,-1.20e-01,2.64e+01,3.96e+00,1.84e+01,
775,-1.20e-01,2.64e+01,3.96e+00,1.84e+01,
776,-8.00e-02,2.64e+01,3.96e+00,1.84e+01,
777,-8.00e-02,2.64e+01,3.96e+00,1.84e+01,
778,-1.60e-01,2.64e+01,3.98e+00,1.84e+01,
779,-1.60e-01,2.64e+01,3.98e+00,1.84e+01,
780,-1.60e-01,2.64e+01,3.96e+00,1.84e+01,
781,-1.60e-01,2.64e+01,3.96e+00,1.84e+01,
782,-1.20e-01,2.64e+01,3.96e+00,1.84e+01,
783,-1.20e-01,2.64e+01,3.96e+00,1.84e+01,
784,-1.60e-01,2.56e+01,4.00e+00,1.84e+01,
785,-1.60e-01,2.56e+01,4.00e+00,1.84e+01,
786,-8.00e-02,2.48e+01,3.96e+00,1.84e+01,
787,-8.00e-02,2.48e+01,3.96e+00,1.84e+01,
788,-8.00e-02,2.56e+01,3.96e+00,1.76e+01,
789,-8.00e-02,2.56e+01,3.96e+00,1.76e+01,
790,-1.20e-01,2.56e+01,3.96e+00,1.84e+01,
791,-1.20e-01,2.56e+01,3.96e+00,1.84e+01,
792,-4.00e-02,2.40e+01,3.98e+00,1.76e+01,
793,-4.00e-02,2.40e+01,3.98e+00,1.76e+01,
794,0.00e+00,2.40e+01,3.96e+00,1.76e+01,
795,0.00e+00,2.40e+01,3.96e+00,1.76e+01,
796,0.00e+00,2.40e+01,3.98e+00,1.76e+01,
797,0.00e+00,2.40e+01,3.98e+00,1.76e+01,
798,0.00e+00,2.40e+01,3.98e+00,1.84e+01,
799,0.00e+00,2.40e+01,3.98e+00,1.84e+01,
800,0.00e+00,2.40e+01,3.96e+00,1.84e+01,
801,0.00e+00,2.40e+01,3.96e+00,1.84e+01,
802,0.00e+00,2.40e+01,3.98e+00,1.84e+01,
803,0.00e+00,2.40e+01,3.98e+00,1.84e+01,
804,0.00e+00,2.40e+01,3.98e+00,1.84e+01,
805,0.00e+00,2.40e+01,3.98e+00,1.84e+01,
806,0.00e+00,2.48e+01,3.98e+00,1.76e+01,
807,0.00e+00,2.48e+01,3.98e+00,1.76e+01,
808,0.00e+00,2.48e+01,3.96e+00,1.76e+01,
809,0.00e+00,2.48e+01,3.96e+00,1.76e+01,
810,-4.00e-02,2.48e+01,4.00e+00,1.84e+01,
811,-4.00e-02,2.48e+01,4.00e+00,1.84e+01,
812,-4.00e-02,2.48e+01,3.96e+00,1.84e+01,
813,-4.00e-02,2.48e+01,3.96e+00,1.84e+01,
814,-8.00e-02,2.64e+01,3.98e+00,1.84e+01,
815,-8.00e-02,2.64e+01,3.98e+00,1.84e+01,
816,-8.00e-02,2.64e+01,3.98e+00,1.84e+01,
817,-8.00e-02,2.64e+01,3.98e+00,1.84e+01,
818,-8.00e-02,2.64e+01,3.98e+00,1.84e+01,
819,-8.00e-02,2.64e+01,3.98e+00,1.84e+01,
820,-1.60e-01,2.64e+01,4.00e+00,1.84e+01,
821,-1.60e-01,2.64e+01,4.00e+00,1.84e+01,
822,-1.20e-01,2.64e+01,4.00e+00,1.84e+01,
823,-1.20e-01,2.64e+01,4.00e+00,1.84e+01,
824,-8.00e-02,2.56e+01,4.00e+00,1.84e+01,
825,-8.00e-02,2.56e+01,4.00e+00,1.84e+01,
826,-8.00e-02,2.56e+01,4.00e+00,1.84e+01,
827,-8.00e-02,2.56e+01,4.00e+00,1.84e+01,
828,-8.00e-02,2.48e+01,3.96e+00,1.84e+01,
829,-8.00e-02,2.48e+01,3.96e+00,1.84e+01,
830,-4.00e-02,2.48e+01,3.98e+00,1.84e+01,
831,-4.00e-02,2.48e+01,3.98e+00,1.84e+01,
832,-4.00e-02,2.32e+01,3.96e+00,1.76e+01,
833,-4.00e-02,2.32e+01,3.96e+00,1.76e+01,
834,-4.00e-02,2.40e+01,3.98e+00,1.76e+01,
835,-4.00e-02,2.40e+01,3.98e+00,1.76e+01,
836,0.00e+00,2.40e+01,3.98e+00,1.76e+01,
837,0.00e+00,2.40e+01,3.98e+00,1.76e+01,
838,0.00e+00,2.40e+01,3.96e+00,1.76e+01,
839,0.00e+00,2.40e+01,3.96e+00,1.76e+01,
840,0.00e+00,2.40e+01,3.96e+00,1.76e+01,
841,0.00e+00,2.40e+01,3.96e+00,1.76e+01,
842,0.00e+00,2.40e+01,3.98e+00,1.76e+01,
843,0.00e+00,2.40e+01,3.98e+00,1.76e+01,
844,0.00e+00,2.40e+01,3.98e+00,1.84e+01,
845,0.00e+00,2.40e+01,3.98e+00,1.84e+01,
846,4.00e-02,2.56e+01,3.98e+00,1.84e+01,
847,4.00e-02,2.56e+01,3.98e+00,1.84e+01,
848,0.00e+00,2.56e+01,4.00e+00,1.84e+01,
849,0.00e+00,2.56e+01,4.00e+00,1.84e+01,
850,-4.00e-02,2.56e+01,4.00e+00,1.84e+01,
851,-4.00e-02,2.56e+01,4.00e+00,1.84e+01,
852,-4.00e-02,2.48e+01,3.96e+00,1.76e+01,
853,-4.00e-02,2.48e+01,3.96e+00,1.76e+01,
854,-1.20e-01,2.56e+01,4.00e+00,1.76e+01,
855,-1.20e-01,2.56e+01,4.00e+00,1.76e+01,
856,-1.20e-01,2.48e+01,3.98e+00,1.76e+01,
857,-1.20e-01,2.48e+01,3.98e+00,1.76e+01,
858,-8.00e-02,2.64e+01,4.00e+00,1.84e+01,
859,-8.00e-02,2.64e+01,4.00e+00,1.84e+01,
860,-8.00e-02,2.64e+01,4.00e+00,1.84e+01,
861,-8.00e-02,2.64e+01,4.00e+00,1.84e+01,
862,-1.20e-01,2.48e+01,4.00e+00,1.84e+01,
863,-1.20e-01,2.48e+01,4.00e+00,1.84e+01,
864,-1.20e-01,2.48e+01,4.00e+00,1.84e+01,
865,-1.20e-01,2.48e+01,4.00e+00,1.84e+01,
866,-8.00e-02,2.48e+01,4.00e+00,1.84e+01,
867,-8.00e-02,2.48e+01,4.00e+00,1.84e+01,
868,-8.00e-02,2.48e+01,4.00e+00,1.84e+01,
869,-8.00e-02,2.48e+01,4.00e+00,1.84e+01,
870,-4.00e-02,2.56e+01,3.98e+00,1.84e+01,
871,-4.00e-02,2.56e+01,3.98e+00,1.84e+01,
872,-4.00e-02,2.56e+01,3.98e+00,1.84e+01,
873,-4.00e-02,2.56e+01,3.98e+00,1.84e+01,
874,-4.00e-02,2.40e+01,3.98e+00,1.84e+01,
875,-4.00e-02,2.40e+01,3.98e+00,1.84e+01,
876,0.00e+00,2.40e+01,3.96e+00,1.84e+01,
877,0.00e+00,2.40e+01,3.96e+00,1.84e+01,
878,0.00e+00,2.40e+01,3.98e+00,1.84e+01,
879,0.00e+00,2.40e+01,3.98e+00,1.84e+01,
880,4.00e-02,2.40e+01,3.96e+00,1.76e+01,
881,4.00e-02,2.40e+01,3.96e+00,1.76e+01,
882,0.00e+00,2.32e+01,3.98e+00,1.76e+01,
883,0.00e+00,2.32e+01,3.98e+00,1.76e+01,
884,0.00e+00,2.40e+01,3.96e+00,1.84e+01,
885,0.00e+00,2.40e+01,3.96e+00,1.84e+01,
886,0.00e+00,2.48e+01,3.96e+00,1.76e+01,
887,0.00e+00,2.48e+01,3.96e+00,1.76e+01,
888,-4.00e-02,2.48e+01,3.98e+00,1.76e+01,
889,-4.00e-02,2.48e+01,3.98e+00,1.76e+01,
890,-4.00e-02,2.48e+01,3.98e+00,1.84e+01,
891,-4.00e-02,2.48e+01,3.98e+00,1.84e+01,
892,-4.00e-02,2.48e+01,4.00e+00,1.84e+01,
893,-4.00e-02,2.48e+01,4.00e+00,1.84e+01,
894,-4.00e-02,2.48e+01,3.98e+00,1.84e+01,
895,-4.00e-02,2.48e+01,3.98e+00,1.84e+01,
896,-8.00e-02,2.48e+01,3.98e+00,1.84e+01,
897,-8.00e-02,2.48e+01,3.98e+00,1.84e+01,
898,-1.20e-01,2.56e+01,4.00e+00,1.84e+01,
899,-1.20e-01,2.56e+01,4.00e+00,1.84e+01,
900,-8.00e-02,2.48e+01,3.98e+00,1.84e+01,
901,-8.00e-02,2.48e+01,3.98e+00,1.84e+01,
902,-8.00e-02,2.48e+01,3.98e+00,1.76e+01,
903,-8.00e-02,2.48e+01,3.98e+00,1.76e+01,
904,-1.20e-01,2.48e+01,4.00e+00,1.76e+01,
905,-1.20e-01,2.48e+01,4.00e+00,1.76e+01,
906,-1.20e-01,2.48e+01,4.00e+00,1.84e+01,
907,-1.20e-01,2.48e+01,4.00e+00,1.84e+01,
908,-8.00e-02,2.48e+01,4.00e+00,1.84e+01,
909,-8.00e-02,2.48e+01,4.00e+00,1.84e+01,
910,-4.00e-02,2.48e+01,3.98e+00,1.84e+01,
911,-4.00e-02,2.48e+01,3.98e+00,1.84e+01,
912,-4.00e-02,2.48e+01,3.98e+00,1.76e+01,
913,-4.00e-02,2.48e+01,3.98e+00,1.76e+01,
914,-4.00e-02,2.48e+01,3.98e+00,1.84e+01,
915,-4.00e-02,2.48e+01,3.98e+00,1.84e+01,
916,-4.00e-02,2.32e+01,3.98e+00,1.84e+01,
917,-4.00e-02,2.32e+01,3.98e+00,1.84e+01,
918,-4.00e-02,2.32e+01,3.98e+00,1.84e+01,
919,-4.00e-02,2.32e+01,3.98e+00,1.84e+01,
920,0.00e+00,2.32e+01,4.00e+00,1.84e+01,
921,0.00e+00,2.32e+01,4.00e+00,1.84e+01,
922,0.00e+00,2.32e+01,3.98e+00,1.84e+01,
923,0.00e+00,2.32e+01,3.98e+00,1.84e+01,
924,4.00e-02,2.48e+01,4.00e+00,1.84e+01,
925,4.00e-02,2.48e+01,4.00e+00,1.84e+01,
926,-4.00e-02,2.48e+01,4.00e+00,1.84e+01,
927,-4.00e-02,2.48e+01,4.00e+00,1.84e+01,
928,-4.00e-02,2.48e+01,4.00e+00,1.76e+01,
929,-4.00e-02,2.48e+01,4.00e+00,1.76e+01,
930,-4.00e-02,2.48e+01,3.98e+00,1.84e+01,
931,-4.00e-02,2.48e+01,3.98e+00,1.84e+01,
932,-4.00e-02,2.48e+01,3.98e+00,1.84e+01,
933,-4.00e-02,2.48e+01,3.98e+00,1.84e+01,
934,-4.00e-02,2.48e+01,4.00e+00,1.84e+01,
935,-4.00e-02,2.48e+01,4.00e+00,1.84e+01,
936,-4.00e-02,2.48e+01,3.98e+00,1.76e+01,
937,-4.00e-02,2.48e+01,3.98e+00,1.76e+01,
938,-8.00e-02,2.48e+01,4.00e+00,1.84e+01,
939,-8.00e-02,2.48e+01,4.00e+00,1.84e+01,
940,-8.00e-02,2.48e+01,3.98e+00,1.76e+01,
941,-8.00e-02,2.48e+01,3.98e+00,1.76e+01,
942,-8.00e-02,2.48e+01,3.98e+00,1.84e+01,
943,-8.00e-02,2.48e+01,3.98e+00,1.84e+01,
944,-1.20e-01,2.48e+01,4.00e+00,1.84e+01,
945,-1.20e-01,2.48e+01,4.00e+00,1.84e+01,
946,-1.20e-01,2.48e+01,4.00e+00,1.84e+01,
947,-1.20e-01,2.48e+01,4.00e+00,1.84e+01,
948,-4.00e-02,2.48e+01,4.00e+00,1.76e+01,
949,-4.00e-02,2.48e+01,4.00e+00,1.76e+01,
950,-4.00e-02,2.48e+01,4.00e+00,1.84e+01,
951,-4.00e-02,2.48e+01,4.00e+00,1.84e+01,
952,-4.00e-02,2.56e+01,4.00e+00,1.76e+01,
953,-4.00e-02,2.56e+01,4.00e+00,1.76e+01,
954,-4.00e-02,2.48e+01,4.00e+00,1.76e+01,
955,-4.00e-02,2.48e+01,4.00e+00,1.76e+01,
956,-4.00e-02,2.40e+01,4.00e+00,1.84e+01,
957,-4.00e-02,2.40e+01,4.00e+00,1.84e+01,
958,-4.00e-02,2.48e+01,3.98e+00,1.76e+01,
959,-4.00e-02,2.48e+01,3.98e+00,1.76e+01,
960,4.00e-02,2.40e+01,4.00e+00,1.76e+01,
961,4.00e-02,2.40e+01,4.00e+00,1.76e+01,
962,0.00e+00,2.48e+01,4.00e+00,1.84e+01,
963,0.00e+00,2.48e+01,4.00e+00,1.84e+01,
964,0.00e+00,2.48e+01,4.00e+00,1.76e+01,
965,0.00e+00,2.48e+01,4.00e+00,1.76e+01,
966,-4.00e-02,2.56e+01,4.00e+00,1.76e+01,
967,-4.00e-02,2.56e+01,4.00e+00,1.76e+01,
968,-4.00e-02,2.48e+01,3.98e+00,1.76e+01,
969,-4.00e-02,2.48e+01,3.98e+00,1.76e+01,
970,-4.00e-02,2.56e+01,3.98e+00,1.76e+01,
971,-4.00e-02,2.56e+01,3.98e+00,1.76e+01,
972,-4.00e-02,2.48e+01,4.00e+00,1.76e+01,
973,-4.00e-02,2.48e+01,4.00e+00,1.76e+01,
974,-4.00e-02,2.48e+01,3.98e+00,1.76e+01,
975,-4.00e-02,2.48e+01,3.98e+00,1.76e+01,
976,-4.00e-02,2.48e+01,4.00e+00,1.76e+01,
977,-4.00e-02,2.48e+01,4.00e+00,1.76e+01,
978,-8.00e-02,2.48e+01,4.00e+00,1.76e+01,
979,-8.00e-02,2.48e+01,4.00e+00,1.76e+01,
980,-8.00e-02,2.48e+01,4.00e+00,1.76e+01,
981,-8.00e-02,2.48e+01,4.00e+00,1.76e+01,
982,-1.20e-01,2.48e+01,4.00e+00,1.84e+01,
983,-1.20e-01,2.48e+01,4.00e+00,1.84e+01,
984,-8.00e-02,2.48e+01,4.00e+00,1.76e+01,
985,-8.00e-02,2.48e+01,4.00e+00,1.76e+01,
986,-8.00e-02,2.48e+01,4.00e+00,1.76e+01,
987,-8.00e-02,2.48e+01,4.00e+00,1.76e+01,
988,-4.00e-02,2.48e+01,4.00e+00,1.76e+01,
989,-4.00e-02,2.48e+01,4.00e+00,1.76e+01,
990,-4.00e-02,2.56e+01,4.00e+00,1.76e+01,
991,-4.00e-02,2.56e+01,4.00e+00,1.76e+01,
992,-4.00e-02,2.48e+01,4.00e+00,1.76e+01,
993,-4.00e-02,2.48e+01,4.00e+00,1.76e+01,
994,-4.00e-02,2.56e+01,4.00e+00,1.76e+01,
995,-4.00e-02,2.56e+01,4.00e+00,1.76e+01,
996,-4.00e-02,2.48e+01,4.00e+00,1.84e+01,
997,-4.00e-02,2.48e+01,4.00e+00,1.84e+01,
998,-4.00e-02,2.48e+01,3.98e+00,1.76e+01,
999,-4.00e-02,2.48e+01,3.98e+00,1.76e+01,
1000,-4.00e-02,2.48e+01,3.98e+00,1.76e+01,
1001,-4.00e-02,2.48e+01,3.98e+00,1.76e+01,
1002,-4.00e-02,2.48e+01,4.00e+00,1.84e+01,
1003,-4.00e-02,2.48e+01,4.00e+00,1.84e+01,
1004,-4.00e-02,2.48e+01,3.98e+00,1.76e+01,
1005,-4.00e-02,2.48e+01,3.98e+00,1.76e+01,
1006,-4.00e-02,2.56e+01,4.00e+00,1.76e+01,
1007,-4.00e-02,2.56e+01,4.00e+00,1.76e+01,
1008,-4.00e-02,2.56e+01,4.00e+00,1.76e+01,
1009,-4.00e-02,2.56e+01,4.00e+00,1.76e+01,
1010,-4.00e-02,2.56e+01,4.00e+00,1.84e+01,
1011,-4.00e-02,2.56e+01,4.00e+00,1.84e+01,
1012,-4.00e-02,2.48e+01,4.00e+00,1.76e+01,
1013,-4.00e-02,2.48e+01,4.00e+00,1.76e+01,
1014,-4.00e-02,2.56e+01,4.00e+00,1.76e+01,
1015,-4.00e-02,2.56e+01,4.00e+00,1.76e+01,
1016,-4.00e-02,2.48e+01,4.00e+00,1.76e+01,
1017,-4.00e-02,2.48e+01,4.00e+00,1.76e+01,
1018,-4.00e-02,2.56e+01,4.00e+00,1.76e+01,
1019,-4.00e-02,2.56e+01,4.00e+00,1.76e+01,
1020,-4.00e-02,2.56e+01,4.00e+00,1.76e+01,
1021,-4.00e-02,2.56e+01,4.00e+00,1.76e+01,
1022,-8.00e-02,2.56e+01,4.00e+00,1.84e+01,
1023,-8.00e-02,2.56e+01,4.00e+00,1.84e+01,
1024,-4.00e-02,2.48e+01,4.00e+00,1.84e+01,
1025,-4.00e-02,2.48e+01,4.00e+00,1.84e+01,
1026,-4.00e-02,2.56e+01,4.02e+00,1.76e+01,
1027,-4.00e-02,2.56e+01,4.02e+00,1.76e+01,
1028,-4.00e-02,2.48e+01,4.00e+00,1.76e+01,
1029,-4.00e-02,2.48e+01,4.00e+00,1.76e+01,
1030,-4.00e-02,2.56e+01,3.98e+00,1.84e+01,
1031,-4.00e-02,2.56e+01,3.98e+00,1.84e+01,
1032,-4.00e-02,2.56e+01,3.98e+00,1.76e+01,
1033,-4.00e-02,2.56e+01,3.98e+00,1.76e+01,
1034,-4.00e-02,2.48e+01,3.98e+00,1.76e+01,
1035,-4.00e-02,2.48e+01,3.98e+00,1.76e+01,
1036,-4.00e-02,2.56e+01,4.00e+00,1.84e+01,
1037,-4.00e-02,2.56e+01,4.00e+00,1.84e+01,
1038,-4.00e-02,2.56e+01,4.02e+00,1.84e+01,
1039,-4.00e-02,2.56e+01,4.02e+00,1.84e+01,
1040,-4.00e-02,2.48e+01,4.00e+00,1.84e+01,
1041,-4.00e-02,2.48e+01,4.00e+00,1.84e+01,
1042,-4.00e-02,2.56e+01,3.98e+00,1.84e+01,
1043,-4.00e-02,2.56e+01,3.98e+00,1.84e+01,
1044,-4.00e-02,2.56e+01,4.00e+00,1.76e+01,
1045,-4.00e-02,2.56e+01,4.00e+00,1.76e+01,
1046,-4.00e-02,2.48e+01,4.00e+00,1.76e+01,
1047,-4.00e-02,2.48e+01,4.00e+00,1.76e+01,
1048,-4.00e-02,2.48e+01,4.02e+00,1.76e+01,
1049,-4.00e-02,2.48e+01,4.02e+00,1.76e+01,
1050,-4.00e-02,2.48e+01,4.00e+00,1.76e+01,
1051,-4.00e-02,2.48e+01,4.00e+00,1.76e+01,
1052,-4.00e-02,2.48e+01,4.00e+00,1.84e+01,
1053,-4.00e-02,2.48e+01,4.00e+00,1.84e+01,
1054,-4.00e-02,2.48e+01,4.02e+00,1.76e+01,
1055,-4.00e-02,2.48e+01,4.02e+00,1.76e+01,
1056,-4.00e-02,2.48e+01,4.02e+00,1.76e+01,
1057,-4.00e-02,2.48e+01,4.02e+00,1.76e+01,
1058,-4.00e-02,2.48e+01,4.02e+00,1.84e+01,
1059,-4.00e-02,2.48e+01,4.02e+00,1.84e+01,
1060,-4.00e-02,2.48e+01,4.00e+00,1.76e+01,
1061,-4.00e-02,2.48e+01,4.00e+00,1.76e+01,
1062,-4.00e-02,2.48e+01,4.02e+00,1.84e+01,
1063,-4.00e-02,2.48e+01,4.02e+00,1.84e+01,
1064,-4.00e-02,2.56e+01,4.02e+00,1.76e+01,
1065,-4.00e-02,2.56e+01,4.02e+00,1.76e+01,
1066,-4.00e-02,2.48e+01,3.98e+00,1.84e+01,
1067,-4.00e-02,2.48e+01,3.98e+00,1.84e+01,
1068,-4.00e-02,2.48e+01,4.00e+00,1.76e+01,
1069,-4.00e-02,2.48e+01,4.00e+00,1.76e+01,
1070,-4.00e-02,2.48e+01,4.00e+00,1.76e+01,
1071,-4.00e-02,2.48e+01,4.00e+00,1.76e+01,
1072,-4.00e-02,2.48e+01,4.00e+00,1.76e+01,
1073,-4.00e-02,2.48e+01,4.00e+00,1.76e+01,
1074,-4.00e-02,2.48e+01,4.02e+00,1.76e+01,
1075,-4.00e-02,2.48e+01,4.02e+00,1.76e+01,
1076,-4.00e-02,2.48e+01,4.02e+00,1.84e+01,
1077,-4.00e-02,2.48e+01,4.02e+00,1.84e+01,
1078,-4.00e-02,2.56e+01,4.00e+00,1.84e+01,
1079,-4.00e-02,2.56e+01,4.00e+00,1.84e+01,
1080,-4.00e-02,2.48e+01,4.02e+00,1.84e+01,
1081,-4.00e-02,2.48e+01,4.02e+00,1.84e+01,
1082,-4.00e-02,2.56e+01,4.02e+00,1.84e+01,
1083,-4.00e-02,2.56e+01,4.02e+00,1.84e+01,
1084,-4.00e-02,2.56e+01,4.02e+00,1.84e+01,
1085,-4.00e-02,2.56e+01,4.02e+00,1.84e+01,
1086,-4.00e-02,2.48e+01,4.02e+00,1.84e+01,
1087,-4.00e-02,2.48e+01,4.02e+00,1.84e+01,
1088,-4.00e-02,2.48e+01,4.02e+00,1.76e+01,
1089,-4.00e-02,2.48e+01,4.02e+00,1.76e+01,
1090,-4.00e-02,2.48e+01,4.02e+00,1.84e+01,
1091,-4.00e-02,2.48e+01,4.02e+00,1.84e+01,
1092,-4.00e-02,2.56e+01,4.02e+00,1.84e+01,
1093,-4.00e-02,2.56e+01,4.02e+00,1.84e+01,
1094,-4.00e-02,2.48e+01,4.02e+00,1.84e+01,
1095,-4.00e-02,2.48e+01,4.02e+00,1.84e+01,
1096,-4.00e-02,2.48e+01,4.02e+00,1.84e+01,
1097,-4.00e-02,2.48e+01,4.02e+00,1.84e+01,
1098,-4.00e-02,2.48e+01,4.02e+00,1.84e+01,
1099,-4.00e-02,2.48e+01,4.02e+00,1.84e+01,
1100,-4.00e-02,2.48e+01,4.02e+00,1.76e+01,
1101,-4.00e-02,2.48e+01,4.02e+00,1.76e+01,
1102,-4.00e-02,2.48e+01,4.02e+00,1.84e+01,
1103,-4.00e-02,2.48e+01,4.02e+00,1.84e+01,
1104,-4.00e-02,2.48e+01,4.02e+00,1.84e+01,
1105,-4.00e-02,2.48e+01,4.02e+00,1.84e+01,
1106,-4.00e-02,2.56e+01,4.02e+00,1.84e+01,
1107,-4.00e-02,2.56e+01,4.02e+00,1.84e+01,
1108,-4.00e-02,2.48e+01,4.02e+00,1.84e+01,
1109,-4.00e-02,2.48e+01,4.02e+00,1.84e+01,
1110,-4.00e-02,2.56e+01,4.00e+00,1.84e+01,
1111,-4.00e-02,2.56e+01,4.00e+00,1.84e+01,
1112,-4.00e-02,2.56e+01,4.02e+00,1.84e+01,
1113,-4.00e-02,2.56e+01,4.02e+00,1.84e+01,
1114,-4.00e-02,2.48e+01,4.02e+00,1.84e+01,
1115,-4.00e-02,2.48e+01,4.02e+00,1.84e+01,
1116,-4.00e-02,2.56e+01,4.02e+00,1.84e+01,
1117,-4.00e-02,2.56e+01,4.02e+00,1.84e+01,
1118,-4.00e-02,2.48e+01,4.02e+00,1.84e+01,
1119,-4.00e-02,2.48e+01,4.02e+00,1.84e+01,
1120,-4.00e-02,2.56e+01,4.02e+00,1.76e+01,
1121,-4.00e-02,2.56e+01,4.02e+00,1.76e+01,
1122,-4.00e-02,2.56e+01,4.02e+00,1.76e+01,
1123,-4.00e-02,2.56e+01,4.02e+00,1.76e+01,
1124,-4.00e-02,2.56e+01,4.02e+00,1.76e+01,
1125,-4.00e-02,2.56e+01,4.02e+00,1.76e+01,
1126,-4.00e-02,2.48e+01,4.02e+00,1.76e+01,
1127,-4.00e-02,2.48e+01,4.02e+00,1.76e+01,
1128,-4.00e-02,2.48e+01,4.02e+00,1.76e+01,
1129,-4.00e-02,2.48e+01,4.02e+00,1.76e+01,
1130,-4.00e-02,2.48e+01,4.02e+00,1.76e+01,
1131,-4.00e-02,2.48e+01,4.02e+00,1.76e+01,
1132,-4.00e-02,2.48e+01,4.02e+00,1.76e+01,
1133,-4.00e-02,2.48e+01,4.02e+00,1.76e+01,
1134,-4.00e-02,2.56e+01,4.02e+00,1.84e+01,
1135,-4.00e-02,2.56e+01,4.02e+00,1.84e+01,
1136,-4.00e-02,2.48e+01,4.00e+00,1.84e+01,
1137,-4.00e-02,2.48e+01,4.00e+00,1.84e+01,
1138,-4.00e-02,2.56e+01,4.00e+00,1.76e+01,
1139,-4.00e-02,2.56e+01,4.00e+00,1.76e+01,
1140,-4.00e-02,2.56e+01,4.02e+00,1.76e+01,
1141,-4.00e-02,2.56e+01,4.02e+00,1.76e+01,
1142,-4.00e-02,2.56e+01,4.02e+00,1.76e+01,
1143,-4.00e-02,2.56e+01,4.02e+00,1.76e+01,
1144,-4.00e-02,2.56e+01,4.02e+00,1.76e+01,
1145,-4.00e-02,2.56e+01,4.02e+00,1.76e+01,
1146,-4.00e-02,2.56e+01,4.02e+00,1.76e+01,
1147,-4.00e-02,2.56e+01,4.02e+00,1.76e+01,
1148,-4.00e-02,2.56e+01,4.02e+00,1.84e+01,
1149,-4.00e-02,2.56e+01,4.02e+00,1.84e+01,
1150,-4.00e-02,2.48e+01,4.02e+00,1.84e+01,
1151,-4.00e-02,2.48e+01,4.02e+00,1.84e+01,
1152,-4.00e-02,2.48e+01,4.02e+00,1.76e+01,
1153,-4.00e-02,2.48e+01,4.02e+00,1.76e+01,
1154,-4.00e-02,2.48e+01,4.02e+00,1.84e+01,
1155,-4.00e-02,2.48e+01,4.02e+00,1.84e+01,
1156,-4.00e-02,2.48e+01,4.02e+00,1.84e+01,
1157,-4.00e-02,2.48e+01,4.02e+00,1.84e+01,
1158,-4.00e-02,2.48e+01,4.02e+00,1.84e+01,
1159,-4.00e-02,2.48e+01,4.02e+00,1.84e+01,
1160,-4.00e-02,2.48e+01,4.02e+00,1.76e+01,
1161,-4.00e-02,2.48e+01,4.02e+00,1.76e+01,
1162,-4.00e-02,2.48e+01,4.02e+00,1.84e+01,
1163,-4.00e-02,2.48e+01,4.02e+00,1.84e+01,
1164,-4.00e-02,2.48e+01,4.02e+00,1.84e+01,
1165,-4.00e-02,2.48e+01,4.02e+00,1.84e+01,
1166,-4.00e-02,2.56e+01,4.02e+00,1.84e+01,
1167,-4.00e-02,2.56e+01,4.02e+00,1.84e+01,
1168,-4.00e-02,2.56e+01,4.02e+00,1.76e+01,
1169,-4.00e-02,2.56e+01,4.02e+00,1.76e+01,
1170,-4.00e-02,2.56e+01,4.02e+00,1.76e+01,
1171,-4.00e-02,2.56e+01,4.02e+00,1.76e+01,
1172,-4.00e-02,2.48e+01,4.02e+00,1.76e+01,
1173,-4.00e-02,2.48e+01,4.02e+00,1.76e+01,
1174,-4.00e-02,2.48e+01,4.02e+00,1.84e+01,
1175,-4.00e-02,2.48e+01,4.02e+00,1.84e+01,
1176,-4.00e-02,2.56e+01,4.02e+00,1.76e+01,
1177,-4.00e-02,2.56e+01,4.02e+00,1.76e+01,
1178,-4.00e-02,2.56e+01,4.02e+00,1.84e+01,
1179,-4.00e-02,2.56e+01,4.02e+00,1.84e+01,
1180,-4.00e-02,2.56e+01,4.02e+00,1.76e+01,
1181,-4.00e-02,2.56e+01,4.02e+00,1.76e+01,
1182,-4.00e-02,2.56e+01,4.02e+00,1.84e+01,
1183,-4.00e-02,2.56e+01,4.02e+00,1.84e+01,
1184,-4.00e-02,2.48e+01,4.02e+00,1.84e+01,
1185,-4.00e-02,2.48e+01,4.02e+00,1.84e+01,
1186,-4.00e-02,2.56e+01,4.00e+00,1.84e+01,
1187,-4.00e-02,2.56e+01,4.00e+00,1.84e+01,
1188,-4.00e-02,2.56e+01,4.02e+00,1.84e+01,
1189,-4.00e-02,2.56e+01,4.02e+00,1.84e+01,
1190,-4.00e-02,2.48e+01,4.02e+00,1.76e+01,
1191,-4.00e-02,2.48e+01,4.02e+00,1.76e+01,
1192,-4.00e-02,2.56e+01,4.02e+00,1.84e+01,
1193,-4.00e-02,2.56e+01,4.02e+00,1.84e+01,
1194,-4.00e-02,2.56e+01,4.02e+00,1.84e+01,
1195,-4.00e-02,2.56e+01,4.02e+00,1.84e+01,
1196,-4.00e-02,2.48e+01,4.02e+00,1.84e+01,
1197,-4.00e-02,2.48e+01,4.02e+00,1.84e+01,
1198,-4.00e-02,2.56e+01,4.02e+00,1.84e+01,
1199,-4.00e-02,2.56e+01,4.02e+00,1.84e+01,
